Max Volume Count;chi-sim;1800;12
Max Volume Count;chi-sim;1801;11
Max Volume Count;chi-sim;1802;3
Max Volume Count;chi-sim;1803;12
Max Volume Count;chi-sim;1804;18
Max Volume Count;chi-sim;1805;13
Max Volume Count;chi-sim;1806;11
Max Volume Count;chi-sim;1807;9
Max Volume Count;chi-sim;1808;14
Max Volume Count;chi-sim;1809;13
Max Volume Count;chi-sim;1810;7
Max Volume Count;chi-sim;1811;18
Max Volume Count;chi-sim;1812;17
Max Volume Count;chi-sim;1813;14
Max Volume Count;chi-sim;1814;20
Max Volume Count;chi-sim;1815;11
Max Volume Count;chi-sim;1816;5
Max Volume Count;chi-sim;1817;8
Max Volume Count;chi-sim;1818;14
Max Volume Count;chi-sim;1819;8
Max Volume Count;chi-sim;1820;13
Max Volume Count;chi-sim;1821;4
Max Volume Count;chi-sim;1822;17
Max Volume Count;chi-sim;1823;12
Max Volume Count;chi-sim;1824;12
Max Volume Count;chi-sim;1825;8
Max Volume Count;chi-sim;1826;16
Max Volume Count;chi-sim;1827;14
Max Volume Count;chi-sim;1828;28
Max Volume Count;chi-sim;1829;25
Max Volume Count;chi-sim;1830;24
Max Volume Count;chi-sim;1831;19
Max Volume Count;chi-sim;1832;8
Max Volume Count;chi-sim;1833;9
Max Volume Count;chi-sim;1834;11
Max Volume Count;chi-sim;1835;23
Max Volume Count;chi-sim;1836;8
Max Volume Count;chi-sim;1837;16
Max Volume Count;chi-sim;1838;6
Max Volume Count;chi-sim;1839;17
Max Volume Count;chi-sim;1840;14
Max Volume Count;chi-sim;1841;8
Max Volume Count;chi-sim;1842;28
Max Volume Count;chi-sim;1843;19
Max Volume Count;chi-sim;1844;11
Max Volume Count;chi-sim;1845;26
Max Volume Count;chi-sim;1846;15
Max Volume Count;chi-sim;1847;20
Max Volume Count;chi-sim;1848;10
Max Volume Count;chi-sim;1849;14
Max Volume Count;chi-sim;1850;7
Max Volume Count;chi-sim;1851;21
Max Volume Count;chi-sim;1852;5
Max Volume Count;chi-sim;1853;6
Max Volume Count;chi-sim;1854;9
Max Volume Count;chi-sim;1855;10
Max Volume Count;chi-sim;1856;3
Max Volume Count;chi-sim;1857;4
Max Volume Count;chi-sim;1858;6
Max Volume Count;chi-sim;1859;6
Max Volume Count;chi-sim;1860;14
Max Volume Count;chi-sim;1861;51
Max Volume Count;chi-sim;1862;7
Max Volume Count;chi-sim;1863;13
Max Volume Count;chi-sim;1864;9
Max Volume Count;chi-sim;1865;22
Max Volume Count;chi-sim;1866;14
Max Volume Count;chi-sim;1867;34
Max Volume Count;chi-sim;1868;21
Max Volume Count;chi-sim;1869;16
Max Volume Count;chi-sim;1870;38
Max Volume Count;chi-sim;1871;33
Max Volume Count;chi-sim;1872;30
Max Volume Count;chi-sim;1873;41
Max Volume Count;chi-sim;1874;53
Max Volume Count;chi-sim;1875;34
Max Volume Count;chi-sim;1876;46
Max Volume Count;chi-sim;1877;41
Max Volume Count;chi-sim;1878;34
Max Volume Count;chi-sim;1879;61
Max Volume Count;chi-sim;1880;20
Max Volume Count;chi-sim;1881;22
Max Volume Count;chi-sim;1882;47
Max Volume Count;chi-sim;1883;49
Max Volume Count;chi-sim;1884;36
Max Volume Count;chi-sim;1885;31
Max Volume Count;chi-sim;1886;38
Max Volume Count;chi-sim;1887;40
Max Volume Count;chi-sim;1888;36
Max Volume Count;chi-sim;1889;34
Max Volume Count;chi-sim;1890;30
Max Volume Count;chi-sim;1891;28
Max Volume Count;chi-sim;1892;35
Max Volume Count;chi-sim;1893;20
Max Volume Count;chi-sim;1894;23
Max Volume Count;chi-sim;1895;25
Max Volume Count;chi-sim;1896;27
Max Volume Count;chi-sim;1897;30
Max Volume Count;chi-sim;1898;25
Max Volume Count;chi-sim;1899;49
Max Volume Count;chi-sim;1900;58
Max Volume Count;chi-sim;1901;17
Max Volume Count;chi-sim;1902;21
Max Volume Count;chi-sim;1903;29
Max Volume Count;chi-sim;1904;31
Max Volume Count;chi-sim;1905;12
Max Volume Count;chi-sim;1906;15
Max Volume Count;chi-sim;1907;14
Max Volume Count;chi-sim;1908;31
Max Volume Count;chi-sim;1909;10
Max Volume Count;chi-sim;1910;12
Max Volume Count;chi-sim;1911;13
Max Volume Count;chi-sim;1912;7
Max Volume Count;chi-sim;1913;12
Max Volume Count;chi-sim;1914;12
Max Volume Count;chi-sim;1915;26
Max Volume Count;chi-sim;1916;12
Max Volume Count;chi-sim;1917;11
Max Volume Count;chi-sim;1918;8
Max Volume Count;chi-sim;1919;9
Max Volume Count;chi-sim;1920;11
Max Volume Count;chi-sim;1921;21
Max Volume Count;chi-sim;1922;27
Max Volume Count;chi-sim;1923;28
Max Volume Count;chi-sim;1924;124
Max Volume Count;chi-sim;1925;36
Max Volume Count;chi-sim;1926;29
Max Volume Count;chi-sim;1927;26
Max Volume Count;chi-sim;1928;41
Max Volume Count;chi-sim;1929;126
Max Volume Count;chi-sim;1930;88
Max Volume Count;chi-sim;1931;71
Max Volume Count;chi-sim;1932;83
Max Volume Count;chi-sim;1933;96
Max Volume Count;chi-sim;1934;133
Max Volume Count;chi-sim;1935;167
Max Volume Count;chi-sim;1936;243
Max Volume Count;chi-sim;1937;142
Max Volume Count;chi-sim;1938;60
Max Volume Count;chi-sim;1939;86
Max Volume Count;chi-sim;1940;56
Max Volume Count;chi-sim;1941;57
Max Volume Count;chi-sim;1942;23
Max Volume Count;chi-sim;1943;14
Max Volume Count;chi-sim;1944;28
Max Volume Count;chi-sim;1945;38
Max Volume Count;chi-sim;1946;66
Max Volume Count;chi-sim;1947;99
Max Volume Count;chi-sim;1948;115
Max Volume Count;chi-sim;1949;128
Max Volume Count;chi-sim;1950;172
Max Volume Count;chi-sim;1951;162
Max Volume Count;chi-sim;1952;177
Max Volume Count;chi-sim;1953;187
Max Volume Count;chi-sim;1954;190
Max Volume Count;chi-sim;1955;560
Max Volume Count;chi-sim;1956;2097
Max Volume Count;chi-sim;1957;2305
Max Volume Count;chi-sim;1958;1825
Max Volume Count;chi-sim;1959;1745
Max Volume Count;chi-sim;1960;764
Max Volume Count;chi-sim;1961;700
Max Volume Count;chi-sim;1962;1294
Max Volume Count;chi-sim;1963;1155
Max Volume Count;chi-sim;1964;1254
Max Volume Count;chi-sim;1965;1139
Max Volume Count;chi-sim;1966;803
Max Volume Count;chi-sim;1967;467
Max Volume Count;chi-sim;1968;483
Max Volume Count;chi-sim;1969;427
Max Volume Count;chi-sim;1970;823
Max Volume Count;chi-sim;1971;638
Max Volume Count;chi-sim;1972;912
Max Volume Count;chi-sim;1973;1331
Max Volume Count;chi-sim;1974;1662
Max Volume Count;chi-sim;1975;1806
Max Volume Count;chi-sim;1976;1506
Max Volume Count;chi-sim;1977;2159
Max Volume Count;chi-sim;1978;2910
Max Volume Count;chi-sim;1979;4668
Max Volume Count;chi-sim;1980;5042
Max Volume Count;chi-sim;1981;5955
Max Volume Count;chi-sim;1982;6818
Max Volume Count;chi-sim;1983;7608
Max Volume Count;chi-sim;1984;8735
Max Volume Count;chi-sim;1985;9318
Max Volume Count;chi-sim;1986;10194
Max Volume Count;chi-sim;1987;9617
Max Volume Count;chi-sim;1988;9886
Max Volume Count;chi-sim;1989;9029
Max Volume Count;chi-sim;1990;8007
Max Volume Count;chi-sim;1991;7759
Max Volume Count;chi-sim;1992;8269
Max Volume Count;chi-sim;1993;8927
Max Volume Count;chi-sim;1994;8297
Max Volume Count;chi-sim;1995;8940
Max Volume Count;chi-sim;1996;7843
Max Volume Count;chi-sim;1997;8271
Max Volume Count;chi-sim;1998;8480
Max Volume Count;chi-sim;1999;9250
Max Volume Count;eng-fiction;1800;41
Max Volume Count;eng-fiction;1801;24
Max Volume Count;eng-fiction;1802;29
Max Volume Count;eng-fiction;1803;13
Max Volume Count;eng-fiction;1804;31
Max Volume Count;eng-fiction;1805;21
Max Volume Count;eng-fiction;1806;50
Max Volume Count;eng-fiction;1807;39
Max Volume Count;eng-fiction;1808;51
Max Volume Count;eng-fiction;1809;49
Max Volume Count;eng-fiction;1810;46
Max Volume Count;eng-fiction;1811;50
Max Volume Count;eng-fiction;1812;70
Max Volume Count;eng-fiction;1813;36
Max Volume Count;eng-fiction;1814;58
Max Volume Count;eng-fiction;1815;64
Max Volume Count;eng-fiction;1816;35
Max Volume Count;eng-fiction;1817;45
Max Volume Count;eng-fiction;1818;35
Max Volume Count;eng-fiction;1819;57
Max Volume Count;eng-fiction;1820;70
Max Volume Count;eng-fiction;1821;42
Max Volume Count;eng-fiction;1822;106
Max Volume Count;eng-fiction;1823;60
Max Volume Count;eng-fiction;1824;103
Max Volume Count;eng-fiction;1825;117
Max Volume Count;eng-fiction;1826;80
Max Volume Count;eng-fiction;1827;78
Max Volume Count;eng-fiction;1828;96
Max Volume Count;eng-fiction;1829;100
Max Volume Count;eng-fiction;1830;71
Max Volume Count;eng-fiction;1831;108
Max Volume Count;eng-fiction;1832;129
Max Volume Count;eng-fiction;1833;109
Max Volume Count;eng-fiction;1834;102
Max Volume Count;eng-fiction;1835;112
Max Volume Count;eng-fiction;1836;146
Max Volume Count;eng-fiction;1837;127
Max Volume Count;eng-fiction;1838;123
Max Volume Count;eng-fiction;1839;137
Max Volume Count;eng-fiction;1840;144
Max Volume Count;eng-fiction;1841;146
Max Volume Count;eng-fiction;1842;123
Max Volume Count;eng-fiction;1843;89
Max Volume Count;eng-fiction;1844;132
Max Volume Count;eng-fiction;1845;142
Max Volume Count;eng-fiction;1846;158
Max Volume Count;eng-fiction;1847;157
Max Volume Count;eng-fiction;1848;163
Max Volume Count;eng-fiction;1849;172
Max Volume Count;eng-fiction;1850;158
Max Volume Count;eng-fiction;1851;173
Max Volume Count;eng-fiction;1852;210
Max Volume Count;eng-fiction;1853;228
Max Volume Count;eng-fiction;1854;247
Max Volume Count;eng-fiction;1855;214
Max Volume Count;eng-fiction;1856;261
Max Volume Count;eng-fiction;1857;248
Max Volume Count;eng-fiction;1858;192
Max Volume Count;eng-fiction;1859;191
Max Volume Count;eng-fiction;1860;254
Max Volume Count;eng-fiction;1861;115
Max Volume Count;eng-fiction;1862;163
Max Volume Count;eng-fiction;1863;184
Max Volume Count;eng-fiction;1864;204
Max Volume Count;eng-fiction;1865;234
Max Volume Count;eng-fiction;1866;256
Max Volume Count;eng-fiction;1867;247
Max Volume Count;eng-fiction;1868;243
Max Volume Count;eng-fiction;1869;225
Max Volume Count;eng-fiction;1870;213
Max Volume Count;eng-fiction;1871;265
Max Volume Count;eng-fiction;1872;240
Max Volume Count;eng-fiction;1873;256
Max Volume Count;eng-fiction;1874;295
Max Volume Count;eng-fiction;1875;267
Max Volume Count;eng-fiction;1876;271
Max Volume Count;eng-fiction;1877;252
Max Volume Count;eng-fiction;1878;261
Max Volume Count;eng-fiction;1879;280
Max Volume Count;eng-fiction;1880;343
Max Volume Count;eng-fiction;1881;372
Max Volume Count;eng-fiction;1882;352
Max Volume Count;eng-fiction;1883;465
Max Volume Count;eng-fiction;1884;440
Max Volume Count;eng-fiction;1885;444
Max Volume Count;eng-fiction;1886;379
Max Volume Count;eng-fiction;1887;453
Max Volume Count;eng-fiction;1888;480
Max Volume Count;eng-fiction;1889;476
Max Volume Count;eng-fiction;1890;573
Max Volume Count;eng-fiction;1891;615
Max Volume Count;eng-fiction;1892;682
Max Volume Count;eng-fiction;1893;665
Max Volume Count;eng-fiction;1894;751
Max Volume Count;eng-fiction;1895;973
Max Volume Count;eng-fiction;1896;905
Max Volume Count;eng-fiction;1897;846
Max Volume Count;eng-fiction;1898;913
Max Volume Count;eng-fiction;1899;1162
Max Volume Count;eng-fiction;1900;1149
Max Volume Count;eng-fiction;1901;1111
Max Volume Count;eng-fiction;1902;1057
Max Volume Count;eng-fiction;1903;1121
Max Volume Count;eng-fiction;1904;997
Max Volume Count;eng-fiction;1905;957
Max Volume Count;eng-fiction;1906;1110
Max Volume Count;eng-fiction;1907;954
Max Volume Count;eng-fiction;1908;1076
Max Volume Count;eng-fiction;1909;958
Max Volume Count;eng-fiction;1910;1036
Max Volume Count;eng-fiction;1911;994
Max Volume Count;eng-fiction;1912;1001
Max Volume Count;eng-fiction;1913;987
Max Volume Count;eng-fiction;1914;940
Max Volume Count;eng-fiction;1915;791
Max Volume Count;eng-fiction;1916;934
Max Volume Count;eng-fiction;1917;845
Max Volume Count;eng-fiction;1918;736
Max Volume Count;eng-fiction;1919;917
Max Volume Count;eng-fiction;1920;956
Max Volume Count;eng-fiction;1921;893
Max Volume Count;eng-fiction;1922;1102
Max Volume Count;eng-fiction;1923;1168
Max Volume Count;eng-fiction;1924;1062
Max Volume Count;eng-fiction;1925;1200
Max Volume Count;eng-fiction;1926;1151
Max Volume Count;eng-fiction;1927;1149
Max Volume Count;eng-fiction;1928;1183
Max Volume Count;eng-fiction;1929;1270
Max Volume Count;eng-fiction;1930;1223
Max Volume Count;eng-fiction;1931;1025
Max Volume Count;eng-fiction;1932;933
Max Volume Count;eng-fiction;1933;817
Max Volume Count;eng-fiction;1934;830
Max Volume Count;eng-fiction;1935;904
Max Volume Count;eng-fiction;1936;918
Max Volume Count;eng-fiction;1937;886
Max Volume Count;eng-fiction;1938;796
Max Volume Count;eng-fiction;1939;749
Max Volume Count;eng-fiction;1940;680
Max Volume Count;eng-fiction;1941;663
Max Volume Count;eng-fiction;1942;582
Max Volume Count;eng-fiction;1943;580
Max Volume Count;eng-fiction;1944;656
Max Volume Count;eng-fiction;1945;751
Max Volume Count;eng-fiction;1946;1083
Max Volume Count;eng-fiction;1947;1169
Max Volume Count;eng-fiction;1948;1090
Max Volume Count;eng-fiction;1949;1123
Max Volume Count;eng-fiction;1950;1443
Max Volume Count;eng-fiction;1951;1354
Max Volume Count;eng-fiction;1952;1355
Max Volume Count;eng-fiction;1953;1321
Max Volume Count;eng-fiction;1954;1372
Max Volume Count;eng-fiction;1955;1441
Max Volume Count;eng-fiction;1956;1294
Max Volume Count;eng-fiction;1957;1567
Max Volume Count;eng-fiction;1958;1547
Max Volume Count;eng-fiction;1959;1514
Max Volume Count;eng-fiction;1960;1652
Max Volume Count;eng-fiction;1961;1882
Max Volume Count;eng-fiction;1962;1864
Max Volume Count;eng-fiction;1963;1975
Max Volume Count;eng-fiction;1964;2000
Max Volume Count;eng-fiction;1965;2179
Max Volume Count;eng-fiction;1966;2138
Max Volume Count;eng-fiction;1967;2427
Max Volume Count;eng-fiction;1968;2725
Max Volume Count;eng-fiction;1969;3028
Max Volume Count;eng-fiction;1970;3145
Max Volume Count;eng-fiction;1971;2819
Max Volume Count;eng-fiction;1972;2834
Max Volume Count;eng-fiction;1973;2860
Max Volume Count;eng-fiction;1974;2979
Max Volume Count;eng-fiction;1975;3072
Max Volume Count;eng-fiction;1976;3473
Max Volume Count;eng-fiction;1977;3595
Max Volume Count;eng-fiction;1978;3787
Max Volume Count;eng-fiction;1979;3959
Max Volume Count;eng-fiction;1980;4185
Max Volume Count;eng-fiction;1981;4544
Max Volume Count;eng-fiction;1982;5106
Max Volume Count;eng-fiction;1983;5399
Max Volume Count;eng-fiction;1984;5939
Max Volume Count;eng-fiction;1985;6406
Max Volume Count;eng-fiction;1986;6862
Max Volume Count;eng-fiction;1987;7575
Max Volume Count;eng-fiction;1988;8092
Max Volume Count;eng-fiction;1989;8724
Max Volume Count;eng-fiction;1990;9244
Max Volume Count;eng-fiction;1991;9459
Max Volume Count;eng-fiction;1992;10016
Max Volume Count;eng-fiction;1993;10096
Max Volume Count;eng-fiction;1994;10806
Max Volume Count;eng-fiction;1995;11145
Max Volume Count;eng-fiction;1996;11530
Max Volume Count;eng-fiction;1997;11891
Max Volume Count;eng-fiction;1998;12551
Max Volume Count;eng-fiction;1999;13923
Max Volume Count;fre-all;1800;1187
Max Volume Count;fre-all;1801;1489
Max Volume Count;fre-all;1802;1498
Max Volume Count;fre-all;1803;1582
Max Volume Count;fre-all;1804;1361
Max Volume Count;fre-all;1805;1219
Max Volume Count;fre-all;1806;1086
Max Volume Count;fre-all;1807;1099
Max Volume Count;fre-all;1808;1472
Max Volume Count;fre-all;1809;1220
Max Volume Count;fre-all;1810;1234
Max Volume Count;fre-all;1811;1050
Max Volume Count;fre-all;1812;1036
Max Volume Count;fre-all;1813;963
Max Volume Count;fre-all;1814;1256
Max Volume Count;fre-all;1815;1393
Max Volume Count;fre-all;1816;1330
Max Volume Count;fre-all;1817;1820
Max Volume Count;fre-all;1818;2208
Max Volume Count;fre-all;1819;2234
Max Volume Count;fre-all;1820;2312
Max Volume Count;fre-all;1821;2549
Max Volume Count;fre-all;1822;2642
Max Volume Count;fre-all;1823;2763
Max Volume Count;fre-all;1824;3194
Max Volume Count;fre-all;1825;2969
Max Volume Count;fre-all;1826;3067
Max Volume Count;fre-all;1827;2797
Max Volume Count;fre-all;1828;2854
Max Volume Count;fre-all;1829;3200
Max Volume Count;fre-all;1830;2671
Max Volume Count;fre-all;1831;1948
Max Volume Count;fre-all;1832;2140
Max Volume Count;fre-all;1833;2372
Max Volume Count;fre-all;1834;2790
Max Volume Count;fre-all;1835;2685
Max Volume Count;fre-all;1836;2881
Max Volume Count;fre-all;1837;2600
Max Volume Count;fre-all;1838;2872
Max Volume Count;fre-all;1839;2855
Max Volume Count;fre-all;1840;3136
Max Volume Count;fre-all;1841;2797
Max Volume Count;fre-all;1842;2692
Max Volume Count;fre-all;1843;2866
Max Volume Count;fre-all;1844;3108
Max Volume Count;fre-all;1845;3393
Max Volume Count;fre-all;1846;2976
Max Volume Count;fre-all;1847;3273
Max Volume Count;fre-all;1848;2324
Max Volume Count;fre-all;1849;2282
Max Volume Count;fre-all;1850;2560
Max Volume Count;fre-all;1851;2824
Max Volume Count;fre-all;1852;2618
Max Volume Count;fre-all;1853;2811
Max Volume Count;fre-all;1854;3336
Max Volume Count;fre-all;1855;3138
Max Volume Count;fre-all;1856;3342
Max Volume Count;fre-all;1857;3670
Max Volume Count;fre-all;1858;3540
Max Volume Count;fre-all;1859;3842
Max Volume Count;fre-all;1860;4329
Max Volume Count;fre-all;1861;4420
Max Volume Count;fre-all;1862;4215
Max Volume Count;fre-all;1863;4013
Max Volume Count;fre-all;1864;4327
Max Volume Count;fre-all;1865;4183
Max Volume Count;fre-all;1866;4050
Max Volume Count;fre-all;1867;4262
Max Volume Count;fre-all;1868;4271
Max Volume Count;fre-all;1869;4187
Max Volume Count;fre-all;1870;2921
Max Volume Count;fre-all;1871;1633
Max Volume Count;fre-all;1872;2294
Max Volume Count;fre-all;1873;2018
Max Volume Count;fre-all;1874;2102
Max Volume Count;fre-all;1875;2444
Max Volume Count;fre-all;1876;2351
Max Volume Count;fre-all;1877;2315
Max Volume Count;fre-all;1878;2561
Max Volume Count;fre-all;1879;2579
Max Volume Count;fre-all;1880;2776
Max Volume Count;fre-all;1881;2599
Max Volume Count;fre-all;1882;2698
Max Volume Count;fre-all;1883;2754
Max Volume Count;fre-all;1884;2798
Max Volume Count;fre-all;1885;2836
Max Volume Count;fre-all;1886;2653
Max Volume Count;fre-all;1887;2812
Max Volume Count;fre-all;1888;2880
Max Volume Count;fre-all;1889;3017
Max Volume Count;fre-all;1890;2789
Max Volume Count;fre-all;1891;2674
Max Volume Count;fre-all;1892;2819
Max Volume Count;fre-all;1893;2783
Max Volume Count;fre-all;1894;2921
Max Volume Count;fre-all;1895;2917
Max Volume Count;fre-all;1896;3065
Max Volume Count;fre-all;1897;2967
Max Volume Count;fre-all;1898;3142
Max Volume Count;fre-all;1899;3078
Max Volume Count;fre-all;1900;3681
Max Volume Count;fre-all;1901;3311
Max Volume Count;fre-all;1902;3349
Max Volume Count;fre-all;1903;3517
Max Volume Count;fre-all;1904;3596
Max Volume Count;fre-all;1905;3553
Max Volume Count;fre-all;1906;3672
Max Volume Count;fre-all;1907;3673
Max Volume Count;fre-all;1908;3944
Max Volume Count;fre-all;1909;2738
Max Volume Count;fre-all;1910;2837
Max Volume Count;fre-all;1911;2826
Max Volume Count;fre-all;1912;2889
Max Volume Count;fre-all;1913;2933
Max Volume Count;fre-all;1914;2522
Max Volume Count;fre-all;1915;1428
Max Volume Count;fre-all;1916;1618
Max Volume Count;fre-all;1917;1758
Max Volume Count;fre-all;1918;1645
Max Volume Count;fre-all;1919;2044
Max Volume Count;fre-all;1920;2217
Max Volume Count;fre-all;1921;2329
Max Volume Count;fre-all;1922;2515
Max Volume Count;fre-all;1923;2740
Max Volume Count;fre-all;1924;2471
Max Volume Count;fre-all;1925;2721
Max Volume Count;fre-all;1926;2720
Max Volume Count;fre-all;1927;2929
Max Volume Count;fre-all;1928;3222
Max Volume Count;fre-all;1929;3212
Max Volume Count;fre-all;1930;3221
Max Volume Count;fre-all;1931;2730
Max Volume Count;fre-all;1932;2547
Max Volume Count;fre-all;1933;2415
Max Volume Count;fre-all;1934;2436
Max Volume Count;fre-all;1935;2462
Max Volume Count;fre-all;1936;2412
Max Volume Count;fre-all;1937;2305
Max Volume Count;fre-all;1938;2480
Max Volume Count;fre-all;1939;2169
Max Volume Count;fre-all;1940;1293
Max Volume Count;fre-all;1941;1285
Max Volume Count;fre-all;1942;1256
Max Volume Count;fre-all;1943;1334
Max Volume Count;fre-all;1944;1288
Max Volume Count;fre-all;1945;2097
Max Volume Count;fre-all;1946;2496
Max Volume Count;fre-all;1947;2635
Max Volume Count;fre-all;1948;2588
Max Volume Count;fre-all;1949;2447
Max Volume Count;fre-all;1950;2595
Max Volume Count;fre-all;1951;2295
Max Volume Count;fre-all;1952;2487
Max Volume Count;fre-all;1953;2527
Max Volume Count;fre-all;1954;2658
Max Volume Count;fre-all;1955;2702
Max Volume Count;fre-all;1956;2923
Max Volume Count;fre-all;1957;2983
Max Volume Count;fre-all;1958;3133
Max Volume Count;fre-all;1959;3428
Max Volume Count;fre-all;1960;3768
Max Volume Count;fre-all;1961;4298
Max Volume Count;fre-all;1962;4667
Max Volume Count;fre-all;1963;4539
Max Volume Count;fre-all;1964;4639
Max Volume Count;fre-all;1965;4981
Max Volume Count;fre-all;1966;5153
Max Volume Count;fre-all;1967;5810
Max Volume Count;fre-all;1968;6596
Max Volume Count;fre-all;1969;6551
Max Volume Count;fre-all;1970;6471
Max Volume Count;fre-all;1971;5602
Max Volume Count;fre-all;1972;5508
Max Volume Count;fre-all;1973;5418
Max Volume Count;fre-all;1974;5112
Max Volume Count;fre-all;1975;4934
Max Volume Count;fre-all;1976;4994
Max Volume Count;fre-all;1977;5016
Max Volume Count;fre-all;1978;4999
Max Volume Count;fre-all;1979;5107
Max Volume Count;fre-all;1980;5341
Max Volume Count;fre-all;1981;5135
Max Volume Count;fre-all;1982;5193
Max Volume Count;fre-all;1983;5385
Max Volume Count;fre-all;1984;5843
Max Volume Count;fre-all;1985;5570
Max Volume Count;fre-all;1986;5475
Max Volume Count;fre-all;1987;5552
Max Volume Count;fre-all;1988;5854
Max Volume Count;fre-all;1989;6477
Max Volume Count;fre-all;1990;6218
Max Volume Count;fre-all;1991;6117
Max Volume Count;fre-all;1992;6809
Max Volume Count;fre-all;1993;6796
Max Volume Count;fre-all;1994;7267
Max Volume Count;fre-all;1995;7147
Max Volume Count;fre-all;1996;7482
Max Volume Count;fre-all;1997;8470
Max Volume Count;fre-all;1998;9152
Max Volume Count;fre-all;1999;10123
Max Volume Count;ger-all;1800;172
Max Volume Count;ger-all;1801;209
Max Volume Count;ger-all;1802;289
Max Volume Count;ger-all;1803;229
Max Volume Count;ger-all;1804;277
Max Volume Count;ger-all;1805;288
Max Volume Count;ger-all;1806;306
Max Volume Count;ger-all;1807;188
Max Volume Count;ger-all;1808;245
Max Volume Count;ger-all;1809;197
Max Volume Count;ger-all;1810;201
Max Volume Count;ger-all;1811;204
Max Volume Count;ger-all;1812;171
Max Volume Count;ger-all;1813;169
Max Volume Count;ger-all;1814;216
Max Volume Count;ger-all;1815;193
Max Volume Count;ger-all;1816;260
Max Volume Count;ger-all;1817;316
Max Volume Count;ger-all;1818;318
Max Volume Count;ger-all;1819;318
Max Volume Count;ger-all;1820;290
Max Volume Count;ger-all;1821;320
Max Volume Count;ger-all;1822;346
Max Volume Count;ger-all;1823;317
Max Volume Count;ger-all;1824;416
Max Volume Count;ger-all;1825;386
Max Volume Count;ger-all;1826;412
Max Volume Count;ger-all;1827;395
Max Volume Count;ger-all;1828;533
Max Volume Count;ger-all;1829;478
Max Volume Count;ger-all;1830;664
Max Volume Count;ger-all;1831;762
Max Volume Count;ger-all;1832;594
Max Volume Count;ger-all;1833;739
Max Volume Count;ger-all;1834;703
Max Volume Count;ger-all;1835;757
Max Volume Count;ger-all;1836;764
Max Volume Count;ger-all;1837;820
Max Volume Count;ger-all;1838;970
Max Volume Count;ger-all;1839;887
Max Volume Count;ger-all;1840;937
Max Volume Count;ger-all;1841;834
Max Volume Count;ger-all;1842;1121
Max Volume Count;ger-all;1843;1117
Max Volume Count;ger-all;1844;1170
Max Volume Count;ger-all;1845;1332
Max Volume Count;ger-all;1846;1400
Max Volume Count;ger-all;1847;1396
Max Volume Count;ger-all;1848;1588
Max Volume Count;ger-all;1849;1339
Max Volume Count;ger-all;1850;1614
Max Volume Count;ger-all;1851;1504
Max Volume Count;ger-all;1852;1431
Max Volume Count;ger-all;1853;1397
Max Volume Count;ger-all;1854;1411
Max Volume Count;ger-all;1855;1425
Max Volume Count;ger-all;1856;1442
Max Volume Count;ger-all;1857;1440
Max Volume Count;ger-all;1858;1503
Max Volume Count;ger-all;1859;1429
Max Volume Count;ger-all;1860;1800
Max Volume Count;ger-all;1861;1788
Max Volume Count;ger-all;1862;1762
Max Volume Count;ger-all;1863;1654
Max Volume Count;ger-all;1864;1509
Max Volume Count;ger-all;1865;1782
Max Volume Count;ger-all;1866;1666
Max Volume Count;ger-all;1867;1975
Max Volume Count;ger-all;1868;2069
Max Volume Count;ger-all;1869;1947
Max Volume Count;ger-all;1870;1373
Max Volume Count;ger-all;1871;1000
Max Volume Count;ger-all;1872;1033
Max Volume Count;ger-all;1873;1110
Max Volume Count;ger-all;1874;1159
Max Volume Count;ger-all;1875;1231
Max Volume Count;ger-all;1876;1252
Max Volume Count;ger-all;1877;1318
Max Volume Count;ger-all;1878;1373
Max Volume Count;ger-all;1879;1330
Max Volume Count;ger-all;1880;1328
Max Volume Count;ger-all;1881;1383
Max Volume Count;ger-all;1882;1527
Max Volume Count;ger-all;1883;1452
Max Volume Count;ger-all;1884;1537
Max Volume Count;ger-all;1885;1587
Max Volume Count;ger-all;1886;1517
Max Volume Count;ger-all;1887;1529
Max Volume Count;ger-all;1888;1583
Max Volume Count;ger-all;1889;1598
Max Volume Count;ger-all;1890;1671
Max Volume Count;ger-all;1891;1712
Max Volume Count;ger-all;1892;1932
Max Volume Count;ger-all;1893;1865
Max Volume Count;ger-all;1894;1975
Max Volume Count;ger-all;1895;1970
Max Volume Count;ger-all;1896;2226
Max Volume Count;ger-all;1897;2271
Max Volume Count;ger-all;1898;2529
Max Volume Count;ger-all;1899;2577
Max Volume Count;ger-all;1900;2875
Max Volume Count;ger-all;1901;2906
Max Volume Count;ger-all;1902;3165
Max Volume Count;ger-all;1903;3413
Max Volume Count;ger-all;1904;3864
Max Volume Count;ger-all;1905;4095
Max Volume Count;ger-all;1906;4199
Max Volume Count;ger-all;1907;4549
Max Volume Count;ger-all;1908;4682
Max Volume Count;ger-all;1909;3292
Max Volume Count;ger-all;1910;3347
Max Volume Count;ger-all;1911;3325
Max Volume Count;ger-all;1912;3423
Max Volume Count;ger-all;1913;3695
Max Volume Count;ger-all;1914;3273
Max Volume Count;ger-all;1915;2354
Max Volume Count;ger-all;1916;1986
Max Volume Count;ger-all;1917;1847
Max Volume Count;ger-all;1918;1715
Max Volume Count;ger-all;1919;2271
Max Volume Count;ger-all;1920;2475
Max Volume Count;ger-all;1921;2481
Max Volume Count;ger-all;1922;2638
Max Volume Count;ger-all;1923;2372
Max Volume Count;ger-all;1924;2194
Max Volume Count;ger-all;1925;2762
Max Volume Count;ger-all;1926;3195
Max Volume Count;ger-all;1927;3311
Max Volume Count;ger-all;1928;3594
Max Volume Count;ger-all;1929;3552
Max Volume Count;ger-all;1930;3685
Max Volume Count;ger-all;1931;3298
Max Volume Count;ger-all;1932;3261
Max Volume Count;ger-all;1933;3257
Max Volume Count;ger-all;1934;3540
Max Volume Count;ger-all;1935;3202
Max Volume Count;ger-all;1936;2746
Max Volume Count;ger-all;1937;2803
Max Volume Count;ger-all;1938;2528
Max Volume Count;ger-all;1939;2563
Max Volume Count;ger-all;1940;1974
Max Volume Count;ger-all;1941;1661
Max Volume Count;ger-all;1942;1523
Max Volume Count;ger-all;1943;1554
Max Volume Count;ger-all;1944;1051
Max Volume Count;ger-all;1945;748
Max Volume Count;ger-all;1946;1393
Max Volume Count;ger-all;1947;1639
Max Volume Count;ger-all;1948;1723
Max Volume Count;ger-all;1949;1922
Max Volume Count;ger-all;1950;1734
Max Volume Count;ger-all;1951;1833
Max Volume Count;ger-all;1952;1857
Max Volume Count;ger-all;1953;1962
Max Volume Count;ger-all;1954;2163
Max Volume Count;ger-all;1955;2219
Max Volume Count;ger-all;1956;2401
Max Volume Count;ger-all;1957;2618
Max Volume Count;ger-all;1958;2706
Max Volume Count;ger-all;1959;2972
Max Volume Count;ger-all;1960;3290
Max Volume Count;ger-all;1961;3682
Max Volume Count;ger-all;1962;3978
Max Volume Count;ger-all;1963;4265
Max Volume Count;ger-all;1964;4246
Max Volume Count;ger-all;1965;4856
Max Volume Count;ger-all;1966;4842
Max Volume Count;ger-all;1967;5491
Max Volume Count;ger-all;1968;5946
Max Volume Count;ger-all;1969;6017
Max Volume Count;ger-all;1970;6065
Max Volume Count;ger-all;1971;5833
Max Volume Count;ger-all;1972;5473
Max Volume Count;ger-all;1973;5627
Max Volume Count;ger-all;1974;5522
Max Volume Count;ger-all;1975;5420
Max Volume Count;ger-all;1976;5285
Max Volume Count;ger-all;1977;5739
Max Volume Count;ger-all;1978;5776
Max Volume Count;ger-all;1979;6336
Max Volume Count;ger-all;1980;6356
Max Volume Count;ger-all;1981;6278
Max Volume Count;ger-all;1982;6484
Max Volume Count;ger-all;1983;6125
Max Volume Count;ger-all;1984;5685
Max Volume Count;ger-all;1985;5345
Max Volume Count;ger-all;1986;5196
Max Volume Count;ger-all;1987;5012
Max Volume Count;ger-all;1988;5506
Max Volume Count;ger-all;1989;5438
Max Volume Count;ger-all;1990;5787
Max Volume Count;ger-all;1991;5680
Max Volume Count;ger-all;1992;5580
Max Volume Count;ger-all;1993;5806
Max Volume Count;ger-all;1994;6062
Max Volume Count;ger-all;1995;6208
Max Volume Count;ger-all;1996;6048
Max Volume Count;ger-all;1997;6174
Max Volume Count;ger-all;1998;5881
Max Volume Count;ger-all;1999;7231
Max Volume Count;heb-all;1800;9
Max Volume Count;heb-all;1801;1
Max Volume Count;heb-all;1802;2
Max Volume Count;heb-all;1803;1
Max Volume Count;heb-all;1804;7
Max Volume Count;heb-all;1805;2
Max Volume Count;heb-all;1806;4
Max Volume Count;heb-all;1807;6
Max Volume Count;heb-all;1808;2
Max Volume Count;heb-all;1809;3
Max Volume Count;heb-all;1810;5
Max Volume Count;heb-all;1811;4
Max Volume Count;heb-all;1812;1
Max Volume Count;heb-all;1813;6
Max Volume Count;heb-all;1814;6
Max Volume Count;heb-all;1815;3
Max Volume Count;heb-all;1816;4
Max Volume Count;heb-all;1817;8
Max Volume Count;heb-all;1818;8
Max Volume Count;heb-all;1819;2
Max Volume Count;heb-all;1820;7
Max Volume Count;heb-all;1821;5
Max Volume Count;heb-all;1822;2
Max Volume Count;heb-all;1823;3
Max Volume Count;heb-all;1824;5
Max Volume Count;heb-all;1825;9
Max Volume Count;heb-all;1826;7
Max Volume Count;heb-all;1827;3
Max Volume Count;heb-all;1828;17
Max Volume Count;heb-all;1829;7
Max Volume Count;heb-all;1830;13
Max Volume Count;heb-all;1831;7
Max Volume Count;heb-all;1832;6
Max Volume Count;heb-all;1833;9
Max Volume Count;heb-all;1834;11
Max Volume Count;heb-all;1835;10
Max Volume Count;heb-all;1836;19
Max Volume Count;heb-all;1837;18
Max Volume Count;heb-all;1838;41
Max Volume Count;heb-all;1839;13
Max Volume Count;heb-all;1840;12
Max Volume Count;heb-all;1841;29
Max Volume Count;heb-all;1842;17
Max Volume Count;heb-all;1843;12
Max Volume Count;heb-all;1844;25
Max Volume Count;heb-all;1845;30
Max Volume Count;heb-all;1846;18
Max Volume Count;heb-all;1847;27
Max Volume Count;heb-all;1848;21
Max Volume Count;heb-all;1849;15
Max Volume Count;heb-all;1850;27
Max Volume Count;heb-all;1851;45
Max Volume Count;heb-all;1852;27
Max Volume Count;heb-all;1853;33
Max Volume Count;heb-all;1854;38
Max Volume Count;heb-all;1855;38
Max Volume Count;heb-all;1856;51
Max Volume Count;heb-all;1857;48
Max Volume Count;heb-all;1858;65
Max Volume Count;heb-all;1859;60
Max Volume Count;heb-all;1860;76
Max Volume Count;heb-all;1861;45
Max Volume Count;heb-all;1862;51
Max Volume Count;heb-all;1863;49
Max Volume Count;heb-all;1864;101
Max Volume Count;heb-all;1865;80
Max Volume Count;heb-all;1866;95
Max Volume Count;heb-all;1867;44
Max Volume Count;heb-all;1868;78
Max Volume Count;heb-all;1869;41
Max Volume Count;heb-all;1870;57
Max Volume Count;heb-all;1871;52
Max Volume Count;heb-all;1872;44
Max Volume Count;heb-all;1873;54
Max Volume Count;heb-all;1874;76
Max Volume Count;heb-all;1875;77
Max Volume Count;heb-all;1876;78
Max Volume Count;heb-all;1877;59
Max Volume Count;heb-all;1878;79
Max Volume Count;heb-all;1879;69
Max Volume Count;heb-all;1880;74
Max Volume Count;heb-all;1881;80
Max Volume Count;heb-all;1882;48
Max Volume Count;heb-all;1883;75
Max Volume Count;heb-all;1884;63
Max Volume Count;heb-all;1885;85
Max Volume Count;heb-all;1886;97
Max Volume Count;heb-all;1887;89
Max Volume Count;heb-all;1888;67
Max Volume Count;heb-all;1889;55
Max Volume Count;heb-all;1890;72
Max Volume Count;heb-all;1891;92
Max Volume Count;heb-all;1892;63
Max Volume Count;heb-all;1893;93
Max Volume Count;heb-all;1894;126
Max Volume Count;heb-all;1895;111
Max Volume Count;heb-all;1896;130
Max Volume Count;heb-all;1897;118
Max Volume Count;heb-all;1898;147
Max Volume Count;heb-all;1899;175
Max Volume Count;heb-all;1900;151
Max Volume Count;heb-all;1901;127
Max Volume Count;heb-all;1902;130
Max Volume Count;heb-all;1903;134
Max Volume Count;heb-all;1904;136
Max Volume Count;heb-all;1905;117
Max Volume Count;heb-all;1906;55
Max Volume Count;heb-all;1907;97
Max Volume Count;heb-all;1908;96
Max Volume Count;heb-all;1909;70
Max Volume Count;heb-all;1910;82
Max Volume Count;heb-all;1911;86
Max Volume Count;heb-all;1912;72
Max Volume Count;heb-all;1913;95
Max Volume Count;heb-all;1914;58
Max Volume Count;heb-all;1915;37
Max Volume Count;heb-all;1916;21
Max Volume Count;heb-all;1917;30
Max Volume Count;heb-all;1918;48
Max Volume Count;heb-all;1919;67
Max Volume Count;heb-all;1920;75
Max Volume Count;heb-all;1921;124
Max Volume Count;heb-all;1922;142
Max Volume Count;heb-all;1923;165
Max Volume Count;heb-all;1924;102
Max Volume Count;heb-all;1925;128
Max Volume Count;heb-all;1926;108
Max Volume Count;heb-all;1927;113
Max Volume Count;heb-all;1928;150
Max Volume Count;heb-all;1929;164
Max Volume Count;heb-all;1930;175
Max Volume Count;heb-all;1931;108
Max Volume Count;heb-all;1932;114
Max Volume Count;heb-all;1933;117
Max Volume Count;heb-all;1934;128
Max Volume Count;heb-all;1935;173
Max Volume Count;heb-all;1936;176
Max Volume Count;heb-all;1937;184
Max Volume Count;heb-all;1938;198
Max Volume Count;heb-all;1939;186
Max Volume Count;heb-all;1940;126
Max Volume Count;heb-all;1941;141
Max Volume Count;heb-all;1942;179
Max Volume Count;heb-all;1943;216
Max Volume Count;heb-all;1944;181
Max Volume Count;heb-all;1945;288
Max Volume Count;heb-all;1946;321
Max Volume Count;heb-all;1947;335
Max Volume Count;heb-all;1948;193
Max Volume Count;heb-all;1949;285
Max Volume Count;heb-all;1950;353
Max Volume Count;heb-all;1951;276
Max Volume Count;heb-all;1952;330
Max Volume Count;heb-all;1953;360
Max Volume Count;heb-all;1954;430
Max Volume Count;heb-all;1955;391
Max Volume Count;heb-all;1956;365
Max Volume Count;heb-all;1957;421
Max Volume Count;heb-all;1958;506
Max Volume Count;heb-all;1959;504
Max Volume Count;heb-all;1960;620
Max Volume Count;heb-all;1961;551
Max Volume Count;heb-all;1962;525
Max Volume Count;heb-all;1963;661
Max Volume Count;heb-all;1964;1056
Max Volume Count;heb-all;1965;1335
Max Volume Count;heb-all;1966;1616
Max Volume Count;heb-all;1967;1707
Max Volume Count;heb-all;1968;1444
Max Volume Count;heb-all;1969;962
Max Volume Count;heb-all;1970;956
Max Volume Count;heb-all;1971;1017
Max Volume Count;heb-all;1972;820
Max Volume Count;heb-all;1973;650
Max Volume Count;heb-all;1974;612
Max Volume Count;heb-all;1975;851
Max Volume Count;heb-all;1976;805
Max Volume Count;heb-all;1977;834
Max Volume Count;heb-all;1978;837
Max Volume Count;heb-all;1979;992
Max Volume Count;heb-all;1980;1066
Max Volume Count;heb-all;1981;892
Max Volume Count;heb-all;1982;852
Max Volume Count;heb-all;1983;760
Max Volume Count;heb-all;1984;793
Max Volume Count;heb-all;1985;703
Max Volume Count;heb-all;1986;662
Max Volume Count;heb-all;1987;719
Max Volume Count;heb-all;1988;840
Max Volume Count;heb-all;1989;892
Max Volume Count;heb-all;1990;937
Max Volume Count;heb-all;1991;1084
Max Volume Count;heb-all;1992;1439
Max Volume Count;heb-all;1993;1032
Max Volume Count;heb-all;1994;1170
Max Volume Count;heb-all;1995;1372
Max Volume Count;heb-all;1996;1411
Max Volume Count;heb-all;1997;1429
Max Volume Count;heb-all;1998;1455
Max Volume Count;heb-all;1999;1721
Max Volume Count;ita-all;1800;81
Max Volume Count;ita-all;1801;48
Max Volume Count;ita-all;1802;117
Max Volume Count;ita-all;1803;192
Max Volume Count;ita-all;1804;418
Max Volume Count;ita-all;1805;152
Max Volume Count;ita-all;1806;154
Max Volume Count;ita-all;1807;157
Max Volume Count;ita-all;1808;185
Max Volume Count;ita-all;1809;187
Max Volume Count;ita-all;1810;144
Max Volume Count;ita-all;1811;183
Max Volume Count;ita-all;1812;113
Max Volume Count;ita-all;1813;157
Max Volume Count;ita-all;1814;104
Max Volume Count;ita-all;1815;149
Max Volume Count;ita-all;1816;240
Max Volume Count;ita-all;1817;223
Max Volume Count;ita-all;1818;223
Max Volume Count;ita-all;1819;338
Max Volume Count;ita-all;1820;320
Max Volume Count;ita-all;1821;337
Max Volume Count;ita-all;1822;383
Max Volume Count;ita-all;1823;354
Max Volume Count;ita-all;1824;380
Max Volume Count;ita-all;1825;354
Max Volume Count;ita-all;1826;301
Max Volume Count;ita-all;1827;402
Max Volume Count;ita-all;1828;252
Max Volume Count;ita-all;1829;356
Max Volume Count;ita-all;1830;325
Max Volume Count;ita-all;1831;277
Max Volume Count;ita-all;1832;414
Max Volume Count;ita-all;1833;332
Max Volume Count;ita-all;1834;365
Max Volume Count;ita-all;1835;294
Max Volume Count;ita-all;1836;317
Max Volume Count;ita-all;1837;369
Max Volume Count;ita-all;1838;326
Max Volume Count;ita-all;1839;353
Max Volume Count;ita-all;1840;379
Max Volume Count;ita-all;1841;443
Max Volume Count;ita-all;1842;433
Max Volume Count;ita-all;1843;430
Max Volume Count;ita-all;1844;437
Max Volume Count;ita-all;1845;482
Max Volume Count;ita-all;1846;544
Max Volume Count;ita-all;1847;480
Max Volume Count;ita-all;1848;435
Max Volume Count;ita-all;1849;382
Max Volume Count;ita-all;1850;473
Max Volume Count;ita-all;1851;464
Max Volume Count;ita-all;1852;395
Max Volume Count;ita-all;1853;417
Max Volume Count;ita-all;1854;397
Max Volume Count;ita-all;1855;423
Max Volume Count;ita-all;1856;479
Max Volume Count;ita-all;1857;467
Max Volume Count;ita-all;1858;423
Max Volume Count;ita-all;1859;542
Max Volume Count;ita-all;1860;526
Max Volume Count;ita-all;1861;597
Max Volume Count;ita-all;1862;544
Max Volume Count;ita-all;1863;583
Max Volume Count;ita-all;1864;597
Max Volume Count;ita-all;1865;720
Max Volume Count;ita-all;1866;589
Max Volume Count;ita-all;1867;672
Max Volume Count;ita-all;1868;596
Max Volume Count;ita-all;1869;595
Max Volume Count;ita-all;1870;523
Max Volume Count;ita-all;1871;533
Max Volume Count;ita-all;1872;483
Max Volume Count;ita-all;1873;497
Max Volume Count;ita-all;1874;533
Max Volume Count;ita-all;1875;552
Max Volume Count;ita-all;1876;625
Max Volume Count;ita-all;1877;623
Max Volume Count;ita-all;1878;690
Max Volume Count;ita-all;1879;708
Max Volume Count;ita-all;1880;731
Max Volume Count;ita-all;1881;762
Max Volume Count;ita-all;1882;770
Max Volume Count;ita-all;1883;801
Max Volume Count;ita-all;1884;783
Max Volume Count;ita-all;1885;841
Max Volume Count;ita-all;1886;840
Max Volume Count;ita-all;1887;895
Max Volume Count;ita-all;1888;884
Max Volume Count;ita-all;1889;796
Max Volume Count;ita-all;1890;742
Max Volume Count;ita-all;1891;826
Max Volume Count;ita-all;1892;848
Max Volume Count;ita-all;1893;822
Max Volume Count;ita-all;1894;886
Max Volume Count;ita-all;1895;923
Max Volume Count;ita-all;1896;802
Max Volume Count;ita-all;1897;940
Max Volume Count;ita-all;1898;1064
Max Volume Count;ita-all;1899;1064
Max Volume Count;ita-all;1900;1068
Max Volume Count;ita-all;1901;1122
Max Volume Count;ita-all;1902;1071
Max Volume Count;ita-all;1903;1061
Max Volume Count;ita-all;1904;1015
Max Volume Count;ita-all;1905;1067
Max Volume Count;ita-all;1906;1104
Max Volume Count;ita-all;1907;1170
Max Volume Count;ita-all;1908;1080
Max Volume Count;ita-all;1909;606
Max Volume Count;ita-all;1910;620
Max Volume Count;ita-all;1911;624
Max Volume Count;ita-all;1912;683
Max Volume Count;ita-all;1913;702
Max Volume Count;ita-all;1914;684
Max Volume Count;ita-all;1915;621
Max Volume Count;ita-all;1916;420
Max Volume Count;ita-all;1917;400
Max Volume Count;ita-all;1918;397
Max Volume Count;ita-all;1919;484
Max Volume Count;ita-all;1920;651
Max Volume Count;ita-all;1921;768
Max Volume Count;ita-all;1922;689
Max Volume Count;ita-all;1923;845
Max Volume Count;ita-all;1924;692
Max Volume Count;ita-all;1925;682
Max Volume Count;ita-all;1926;704
Max Volume Count;ita-all;1927;689
Max Volume Count;ita-all;1928;786
Max Volume Count;ita-all;1929;834
Max Volume Count;ita-all;1930;780
Max Volume Count;ita-all;1931;839
Max Volume Count;ita-all;1932;796
Max Volume Count;ita-all;1933;777
Max Volume Count;ita-all;1934;792
Max Volume Count;ita-all;1935;834
Max Volume Count;ita-all;1936;800
Max Volume Count;ita-all;1937;918
Max Volume Count;ita-all;1938;903
Max Volume Count;ita-all;1939;999
Max Volume Count;ita-all;1940;906
Max Volume Count;ita-all;1941;759
Max Volume Count;ita-all;1942;824
Max Volume Count;ita-all;1943;817
Max Volume Count;ita-all;1944;600
Max Volume Count;ita-all;1945;771
Max Volume Count;ita-all;1946;797
Max Volume Count;ita-all;1947;786
Max Volume Count;ita-all;1948;838
Max Volume Count;ita-all;1949;916
Max Volume Count;ita-all;1950;1053
Max Volume Count;ita-all;1951;1023
Max Volume Count;ita-all;1952;1036
Max Volume Count;ita-all;1953;1267
Max Volume Count;ita-all;1954;1292
Max Volume Count;ita-all;1955;1244
Max Volume Count;ita-all;1956;1380
Max Volume Count;ita-all;1957;1513
Max Volume Count;ita-all;1958;1694
Max Volume Count;ita-all;1959;1792
Max Volume Count;ita-all;1960;2119
Max Volume Count;ita-all;1961;2274
Max Volume Count;ita-all;1962;2302
Max Volume Count;ita-all;1963;2372
Max Volume Count;ita-all;1964;2271
Max Volume Count;ita-all;1965;2807
Max Volume Count;ita-all;1966;2853
Max Volume Count;ita-all;1967;3254
Max Volume Count;ita-all;1968;3198
Max Volume Count;ita-all;1969;2827
Max Volume Count;ita-all;1970;2545
Max Volume Count;ita-all;1971;2511
Max Volume Count;ita-all;1972;2536
Max Volume Count;ita-all;1973;2803
Max Volume Count;ita-all;1974;2854
Max Volume Count;ita-all;1975;2827
Max Volume Count;ita-all;1976;3138
Max Volume Count;ita-all;1977;2700
Max Volume Count;ita-all;1978;2845
Max Volume Count;ita-all;1979;2748
Max Volume Count;ita-all;1980;2643
Max Volume Count;ita-all;1981;2635
Max Volume Count;ita-all;1982;2683
Max Volume Count;ita-all;1983;2684
Max Volume Count;ita-all;1984;3109
Max Volume Count;ita-all;1985;3056
Max Volume Count;ita-all;1986;3209
Max Volume Count;ita-all;1987;3091
Max Volume Count;ita-all;1988;3556
Max Volume Count;ita-all;1989;3317
Max Volume Count;ita-all;1990;3638
Max Volume Count;ita-all;1991;3433
Max Volume Count;ita-all;1992;3556
Max Volume Count;ita-all;1993;3733
Max Volume Count;ita-all;1994;3843
Max Volume Count;ita-all;1995;4323
Max Volume Count;ita-all;1996;4557
Max Volume Count;ita-all;1997;5178
Max Volume Count;ita-all;1998;5673
Max Volume Count;ita-all;1999;5882
Max Volume Count;rus-all;1800;17
Max Volume Count;rus-all;1801;28
Max Volume Count;rus-all;1802;18
Max Volume Count;rus-all;1803;57
Max Volume Count;rus-all;1804;22
Max Volume Count;rus-all;1805;36
Max Volume Count;rus-all;1806;19
Max Volume Count;rus-all;1807;19
Max Volume Count;rus-all;1808;30
Max Volume Count;rus-all;1809;25
Max Volume Count;rus-all;1810;19
Max Volume Count;rus-all;1811;21
Max Volume Count;rus-all;1812;37
Max Volume Count;rus-all;1813;45
Max Volume Count;rus-all;1814;33
Max Volume Count;rus-all;1815;59
Max Volume Count;rus-all;1816;43
Max Volume Count;rus-all;1817;62
Max Volume Count;rus-all;1818;68
Max Volume Count;rus-all;1819;61
Max Volume Count;rus-all;1820;52
Max Volume Count;rus-all;1821;72
Max Volume Count;rus-all;1822;74
Max Volume Count;rus-all;1823;62
Max Volume Count;rus-all;1824;70
Max Volume Count;rus-all;1825;63
Max Volume Count;rus-all;1826;78
Max Volume Count;rus-all;1827;72
Max Volume Count;rus-all;1828;95
Max Volume Count;rus-all;1829;79
Max Volume Count;rus-all;1830;167
Max Volume Count;rus-all;1831;88
Max Volume Count;rus-all;1832;80
Max Volume Count;rus-all;1833;123
Max Volume Count;rus-all;1834;139
Max Volume Count;rus-all;1835;89
Max Volume Count;rus-all;1836;141
Max Volume Count;rus-all;1837;178
Max Volume Count;rus-all;1838;184
Max Volume Count;rus-all;1839;158
Max Volume Count;rus-all;1840;177
Max Volume Count;rus-all;1841;127
Max Volume Count;rus-all;1842;154
Max Volume Count;rus-all;1843;123
Max Volume Count;rus-all;1844;116
Max Volume Count;rus-all;1845;155
Max Volume Count;rus-all;1846;175
Max Volume Count;rus-all;1847;209
Max Volume Count;rus-all;1848;243
Max Volume Count;rus-all;1849;235
Max Volume Count;rus-all;1850;178
Max Volume Count;rus-all;1851;188
Max Volume Count;rus-all;1852;256
Max Volume Count;rus-all;1853;222
Max Volume Count;rus-all;1854;214
Max Volume Count;rus-all;1855;303
Max Volume Count;rus-all;1856;253
Max Volume Count;rus-all;1857;347
Max Volume Count;rus-all;1858;414
Max Volume Count;rus-all;1859;437
Max Volume Count;rus-all;1860;421
Max Volume Count;rus-all;1861;478
Max Volume Count;rus-all;1862;416
Max Volume Count;rus-all;1863;434
Max Volume Count;rus-all;1864;365
Max Volume Count;rus-all;1865;401
Max Volume Count;rus-all;1866;415
Max Volume Count;rus-all;1867;436
Max Volume Count;rus-all;1868;493
Max Volume Count;rus-all;1869;556
Max Volume Count;rus-all;1870;481
Max Volume Count;rus-all;1871;494
Max Volume Count;rus-all;1872;513
Max Volume Count;rus-all;1873;404
Max Volume Count;rus-all;1874;438
Max Volume Count;rus-all;1875;435
Max Volume Count;rus-all;1876;453
Max Volume Count;rus-all;1877;411
Max Volume Count;rus-all;1878;474
Max Volume Count;rus-all;1879;422
Max Volume Count;rus-all;1880;534
Max Volume Count;rus-all;1881;549
Max Volume Count;rus-all;1882;571
Max Volume Count;rus-all;1883;570
Max Volume Count;rus-all;1884;741
Max Volume Count;rus-all;1885;605
Max Volume Count;rus-all;1886;556
Max Volume Count;rus-all;1887;634
Max Volume Count;rus-all;1888;610
Max Volume Count;rus-all;1889;692
Max Volume Count;rus-all;1890;683
Max Volume Count;rus-all;1891;756
Max Volume Count;rus-all;1892;771
Max Volume Count;rus-all;1893;766
Max Volume Count;rus-all;1894;851
Max Volume Count;rus-all;1895;904
Max Volume Count;rus-all;1896;1078
Max Volume Count;rus-all;1897;1123
Max Volume Count;rus-all;1898;1011
Max Volume Count;rus-all;1899;1084
Max Volume Count;rus-all;1900;1076
Max Volume Count;rus-all;1901;1108
Max Volume Count;rus-all;1902;1178
Max Volume Count;rus-all;1903;1271
Max Volume Count;rus-all;1904;1211
Max Volume Count;rus-all;1905;1278
Max Volume Count;rus-all;1906;1530
Max Volume Count;rus-all;1907;1214
Max Volume Count;rus-all;1908;1266
Max Volume Count;rus-all;1909;945
Max Volume Count;rus-all;1910;943
Max Volume Count;rus-all;1911;1226
Max Volume Count;rus-all;1912;1223
Max Volume Count;rus-all;1913;1235
Max Volume Count;rus-all;1914;1137
Max Volume Count;rus-all;1915;961
Max Volume Count;rus-all;1916;819
Max Volume Count;rus-all;1917;569
Max Volume Count;rus-all;1918;537
Max Volume Count;rus-all;1919;486
Max Volume Count;rus-all;1920;547
Max Volume Count;rus-all;1921;851
Max Volume Count;rus-all;1922;1542
Max Volume Count;rus-all;1923;1553
Max Volume Count;rus-all;1924;1010
Max Volume Count;rus-all;1925;1207
Max Volume Count;rus-all;1926;1299
Max Volume Count;rus-all;1927;1528
Max Volume Count;rus-all;1928;1721
Max Volume Count;rus-all;1929;1483
Max Volume Count;rus-all;1930;1414
Max Volume Count;rus-all;1931;1337
Max Volume Count;rus-all;1932;1230
Max Volume Count;rus-all;1933;1431
Max Volume Count;rus-all;1934;1585
Max Volume Count;rus-all;1935;1731
Max Volume Count;rus-all;1936;1864
Max Volume Count;rus-all;1937;1794
Max Volume Count;rus-all;1938;1531
Max Volume Count;rus-all;1939;1742
Max Volume Count;rus-all;1940;1547
Max Volume Count;rus-all;1941;1081
Max Volume Count;rus-all;1942;385
Max Volume Count;rus-all;1943;499
Max Volume Count;rus-all;1944;621
Max Volume Count;rus-all;1945;1022
Max Volume Count;rus-all;1946;1898
Max Volume Count;rus-all;1947;2343
Max Volume Count;rus-all;1948;2260
Max Volume Count;rus-all;1949;2187
Max Volume Count;rus-all;1950;2332
Max Volume Count;rus-all;1951;2666
Max Volume Count;rus-all;1952;2664
Max Volume Count;rus-all;1953;2840
Max Volume Count;rus-all;1954;3600
Max Volume Count;rus-all;1955;4206
Max Volume Count;rus-all;1956;4735
Max Volume Count;rus-all;1957;4986
Max Volume Count;rus-all;1958;6265
Max Volume Count;rus-all;1959;7386
Max Volume Count;rus-all;1960;9151
Max Volume Count;rus-all;1961;9200
Max Volume Count;rus-all;1962;9338
Max Volume Count;rus-all;1963;10358
Max Volume Count;rus-all;1964;9570
Max Volume Count;rus-all;1965;9568
Max Volume Count;rus-all;1966;9594
Max Volume Count;rus-all;1967;9725
Max Volume Count;rus-all;1968;9647
Max Volume Count;rus-all;1969;9671
Max Volume Count;rus-all;1970;9427
Max Volume Count;rus-all;1971;8331
Max Volume Count;rus-all;1972;8404
Max Volume Count;rus-all;1973;9011
Max Volume Count;rus-all;1974;9435
Max Volume Count;rus-all;1975;9393
Max Volume Count;rus-all;1976;9733
Max Volume Count;rus-all;1977;10087
Max Volume Count;rus-all;1978;10236
Max Volume Count;rus-all;1979;9565
Max Volume Count;rus-all;1980;9625
Max Volume Count;rus-all;1981;9562
Max Volume Count;rus-all;1982;9578
Max Volume Count;rus-all;1983;9556
Max Volume Count;rus-all;1984;10155
Max Volume Count;rus-all;1985;10197
Max Volume Count;rus-all;1986;10161
Max Volume Count;rus-all;1987;10544
Max Volume Count;rus-all;1988;10811
Max Volume Count;rus-all;1989;11035
Max Volume Count;rus-all;1990;10488
Max Volume Count;rus-all;1991;9135
Max Volume Count;rus-all;1992;8521
Max Volume Count;rus-all;1993;8727
Max Volume Count;rus-all;1994;8339
Max Volume Count;rus-all;1995;7870
Max Volume Count;rus-all;1996;7458
Max Volume Count;rus-all;1997;7911
Max Volume Count;rus-all;1998;8083
Max Volume Count;rus-all;1999;8666
Max Volume Count;spa-all;1800;292
Max Volume Count;spa-all;1801;223
Max Volume Count;spa-all;1802;321
Max Volume Count;spa-all;1803;300
Max Volume Count;spa-all;1804;282
Max Volume Count;spa-all;1805;280
Max Volume Count;spa-all;1806;213
Max Volume Count;spa-all;1807;322
Max Volume Count;spa-all;1808;152
Max Volume Count;spa-all;1809;76
Max Volume Count;spa-all;1810;66
Max Volume Count;spa-all;1811;138
Max Volume Count;spa-all;1812;141
Max Volume Count;spa-all;1813;264
Max Volume Count;spa-all;1814;237
Max Volume Count;spa-all;1815;148
Max Volume Count;spa-all;1816;159
Max Volume Count;spa-all;1817;186
Max Volume Count;spa-all;1818;189
Max Volume Count;spa-all;1819;203
Max Volume Count;spa-all;1820;394
Max Volume Count;spa-all;1821;359
Max Volume Count;spa-all;1822;292
Max Volume Count;spa-all;1823;162
Max Volume Count;spa-all;1824;205
Max Volume Count;spa-all;1825;212
Max Volume Count;spa-all;1826;287
Max Volume Count;spa-all;1827;316
Max Volume Count;spa-all;1828;320
Max Volume Count;spa-all;1829;422
Max Volume Count;spa-all;1830;321
Max Volume Count;spa-all;1831;284
Max Volume Count;spa-all;1832;332
Max Volume Count;spa-all;1833;292
Max Volume Count;spa-all;1834;338
Max Volume Count;spa-all;1835;355
Max Volume Count;spa-all;1836;365
Max Volume Count;spa-all;1837;286
Max Volume Count;spa-all;1838;291
Max Volume Count;spa-all;1839;317
Max Volume Count;spa-all;1840;433
Max Volume Count;spa-all;1841;403
Max Volume Count;spa-all;1842;457
Max Volume Count;spa-all;1843;440
Max Volume Count;spa-all;1844;463
Max Volume Count;spa-all;1845;575
Max Volume Count;spa-all;1846;514
Max Volume Count;spa-all;1847;465
Max Volume Count;spa-all;1848;528
Max Volume Count;spa-all;1849;461
Max Volume Count;spa-all;1850;581
Max Volume Count;spa-all;1851;592
Max Volume Count;spa-all;1852;552
Max Volume Count;spa-all;1853;530
Max Volume Count;spa-all;1854;572
Max Volume Count;spa-all;1855;600
Max Volume Count;spa-all;1856;730
Max Volume Count;spa-all;1857;743
Max Volume Count;spa-all;1858;671
Max Volume Count;spa-all;1859;746
Max Volume Count;spa-all;1860;845
Max Volume Count;spa-all;1861;888
Max Volume Count;spa-all;1862;996
Max Volume Count;spa-all;1863;939
Max Volume Count;spa-all;1864;999
Max Volume Count;spa-all;1865;980
Max Volume Count;spa-all;1866;877
Max Volume Count;spa-all;1867;913
Max Volume Count;spa-all;1868;627
Max Volume Count;spa-all;1869;755
Max Volume Count;spa-all;1870;584
Max Volume Count;spa-all;1871;480
Max Volume Count;spa-all;1872;489
Max Volume Count;spa-all;1873;488
Max Volume Count;spa-all;1874;528
Max Volume Count;spa-all;1875;581
Max Volume Count;spa-all;1876;626
Max Volume Count;spa-all;1877;608
Max Volume Count;spa-all;1878;666
Max Volume Count;spa-all;1879;760
Max Volume Count;spa-all;1880;601
Max Volume Count;spa-all;1881;700
Max Volume Count;spa-all;1882;664
Max Volume Count;spa-all;1883;717
Max Volume Count;spa-all;1884;813
Max Volume Count;spa-all;1885;718
Max Volume Count;spa-all;1886;721
Max Volume Count;spa-all;1887;773
Max Volume Count;spa-all;1888;802
Max Volume Count;spa-all;1889;840
Max Volume Count;spa-all;1890;811
Max Volume Count;spa-all;1891;719
Max Volume Count;spa-all;1892;869
Max Volume Count;spa-all;1893;795
Max Volume Count;spa-all;1894;876
Max Volume Count;spa-all;1895;855
Max Volume Count;spa-all;1896;876
Max Volume Count;spa-all;1897;872
Max Volume Count;spa-all;1898;822
Max Volume Count;spa-all;1899;920
Max Volume Count;spa-all;1900;1129
Max Volume Count;spa-all;1901;921
Max Volume Count;spa-all;1902;1054
Max Volume Count;spa-all;1903;1109
Max Volume Count;spa-all;1904;1087
Max Volume Count;spa-all;1905;1297
Max Volume Count;spa-all;1906;1322
Max Volume Count;spa-all;1907;1333
Max Volume Count;spa-all;1908;1375
Max Volume Count;spa-all;1909;971
Max Volume Count;spa-all;1910;1440
Max Volume Count;spa-all;1911;1227
Max Volume Count;spa-all;1912;1322
Max Volume Count;spa-all;1913;1278
Max Volume Count;spa-all;1914;1270
Max Volume Count;spa-all;1915;1283
Max Volume Count;spa-all;1916;1541
Max Volume Count;spa-all;1917;1463
Max Volume Count;spa-all;1918;1508
Max Volume Count;spa-all;1919;1549
Max Volume Count;spa-all;1920;1649
Max Volume Count;spa-all;1921;1465
Max Volume Count;spa-all;1922;1494
Max Volume Count;spa-all;1923;1472
Max Volume Count;spa-all;1924;1430
Max Volume Count;spa-all;1925;1640
Max Volume Count;spa-all;1926;1786
Max Volume Count;spa-all;1927;1744
Max Volume Count;spa-all;1928;2040
Max Volume Count;spa-all;1929;2211
Max Volume Count;spa-all;1930;2409
Max Volume Count;spa-all;1931;1819
Max Volume Count;spa-all;1932;1645
Max Volume Count;spa-all;1933;1889
Max Volume Count;spa-all;1934;2162
Max Volume Count;spa-all;1935;2505
Max Volume Count;spa-all;1936;2812
Max Volume Count;spa-all;1937;2863
Max Volume Count;spa-all;1938;3223
Max Volume Count;spa-all;1939;3394
Max Volume Count;spa-all;1940;3159
Max Volume Count;spa-all;1941;3440
Max Volume Count;spa-all;1942;3591
Max Volume Count;spa-all;1943;3609
Max Volume Count;spa-all;1944;3997
Max Volume Count;spa-all;1945;4588
Max Volume Count;spa-all;1946;4433
Max Volume Count;spa-all;1947;3818
Max Volume Count;spa-all;1948;3855
Max Volume Count;spa-all;1949;3893
Max Volume Count;spa-all;1950;3961
Max Volume Count;spa-all;1951;3721
Max Volume Count;spa-all;1952;4132
Max Volume Count;spa-all;1953;4218
Max Volume Count;spa-all;1954;4149
Max Volume Count;spa-all;1955;4505
Max Volume Count;spa-all;1956;4922
Max Volume Count;spa-all;1957;4929
Max Volume Count;spa-all;1958;5225
Max Volume Count;spa-all;1959;5306
Max Volume Count;spa-all;1960;6184
Max Volume Count;spa-all;1961;6001
Max Volume Count;spa-all;1962;6629
Max Volume Count;spa-all;1963;7162
Max Volume Count;spa-all;1964;7309
Max Volume Count;spa-all;1965;7910
Max Volume Count;spa-all;1966;8101
Max Volume Count;spa-all;1967;8367
Max Volume Count;spa-all;1968;8607
Max Volume Count;spa-all;1969;8409
Max Volume Count;spa-all;1970;8927
Max Volume Count;spa-all;1971;9134
Max Volume Count;spa-all;1972;9104
Max Volume Count;spa-all;1973;10675
Max Volume Count;spa-all;1974;11139
Max Volume Count;spa-all;1975;10630
Max Volume Count;spa-all;1976;10914
Max Volume Count;spa-all;1977;10543
Max Volume Count;spa-all;1978;10537
Max Volume Count;spa-all;1979;10535
Max Volume Count;spa-all;1980;11320
Max Volume Count;spa-all;1981;10847
Max Volume Count;spa-all;1982;11077
Max Volume Count;spa-all;1983;11560
Max Volume Count;spa-all;1984;11325
Max Volume Count;spa-all;1985;11905
Max Volume Count;spa-all;1986;12338
Max Volume Count;spa-all;1987;12235
Max Volume Count;spa-all;1988;14008
Max Volume Count;spa-all;1989;13907
Max Volume Count;spa-all;1990;13627
Max Volume Count;spa-all;1991;13590
Max Volume Count;spa-all;1992;15225
Max Volume Count;spa-all;1993;14410
Max Volume Count;spa-all;1994;14957
Max Volume Count;spa-all;1995;14425
Max Volume Count;spa-all;1996;15187
Max Volume Count;spa-all;1997;17520
Max Volume Count;spa-all;1998;18081
Max Volume Count;spa-all;1999;18659
Max Volume Count;eng-us-all;1800;142
Max Volume Count;eng-us-all;1801;167
Max Volume Count;eng-us-all;1802;200
Max Volume Count;eng-us-all;1803;199
Max Volume Count;eng-us-all;1804;311
Max Volume Count;eng-us-all;1805;226
Max Volume Count;eng-us-all;1806;241
Max Volume Count;eng-us-all;1807;265
Max Volume Count;eng-us-all;1808;263
Max Volume Count;eng-us-all;1809;372
Max Volume Count;eng-us-all;1810;427
Max Volume Count;eng-us-all;1811;407
Max Volume Count;eng-us-all;1812;345
Max Volume Count;eng-us-all;1813;323
Max Volume Count;eng-us-all;1814;309
Max Volume Count;eng-us-all;1815;283
Max Volume Count;eng-us-all;1816;324
Max Volume Count;eng-us-all;1817;382
Max Volume Count;eng-us-all;1818;447
Max Volume Count;eng-us-all;1819;398
Max Volume Count;eng-us-all;1820;317
Max Volume Count;eng-us-all;1821;504
Max Volume Count;eng-us-all;1822;622
Max Volume Count;eng-us-all;1823;586
Max Volume Count;eng-us-all;1824;678
Max Volume Count;eng-us-all;1825;698
Max Volume Count;eng-us-all;1826;633
Max Volume Count;eng-us-all;1827;693
Max Volume Count;eng-us-all;1828;801
Max Volume Count;eng-us-all;1829;955
Max Volume Count;eng-us-all;1830;911
Max Volume Count;eng-us-all;1831;1117
Max Volume Count;eng-us-all;1832;1242
Max Volume Count;eng-us-all;1833;1367
Max Volume Count;eng-us-all;1834;1132
Max Volume Count;eng-us-all;1835;1444
Max Volume Count;eng-us-all;1836;1614
Max Volume Count;eng-us-all;1837;1137
Max Volume Count;eng-us-all;1838;1222
Max Volume Count;eng-us-all;1839;1517
Max Volume Count;eng-us-all;1840;1520
Max Volume Count;eng-us-all;1841;1581
Max Volume Count;eng-us-all;1842;1362
Max Volume Count;eng-us-all;1843;1437
Max Volume Count;eng-us-all;1844;1713
Max Volume Count;eng-us-all;1845;1926
Max Volume Count;eng-us-all;1846;1904
Max Volume Count;eng-us-all;1847;1852
Max Volume Count;eng-us-all;1848;2025
Max Volume Count;eng-us-all;1849;1876
Max Volume Count;eng-us-all;1850;2219
Max Volume Count;eng-us-all;1851;2328
Max Volume Count;eng-us-all;1852;2476
Max Volume Count;eng-us-all;1853;2869
Max Volume Count;eng-us-all;1854;3225
Max Volume Count;eng-us-all;1855;2805
Max Volume Count;eng-us-all;1856;3353
Max Volume Count;eng-us-all;1857;2760
Max Volume Count;eng-us-all;1858;2265
Max Volume Count;eng-us-all;1859;2913
Max Volume Count;eng-us-all;1860;3062
Max Volume Count;eng-us-all;1861;1782
Max Volume Count;eng-us-all;1862;1507
Max Volume Count;eng-us-all;1863;1803
Max Volume Count;eng-us-all;1864;2607
Max Volume Count;eng-us-all;1865;2333
Max Volume Count;eng-us-all;1866;2665
Max Volume Count;eng-us-all;1867;2382
Max Volume Count;eng-us-all;1868;2670
Max Volume Count;eng-us-all;1869;2625
Max Volume Count;eng-us-all;1870;2514
Max Volume Count;eng-us-all;1871;2697
Max Volume Count;eng-us-all;1872;2817
Max Volume Count;eng-us-all;1873;2727
Max Volume Count;eng-us-all;1874;2933
Max Volume Count;eng-us-all;1875;3021
Max Volume Count;eng-us-all;1876;3175
Max Volume Count;eng-us-all;1877;3141
Max Volume Count;eng-us-all;1878;2984
Max Volume Count;eng-us-all;1879;3351
Max Volume Count;eng-us-all;1880;4187
Max Volume Count;eng-us-all;1881;4293
Max Volume Count;eng-us-all;1882;4246
Max Volume Count;eng-us-all;1883;4945
Max Volume Count;eng-us-all;1884;4815
Max Volume Count;eng-us-all;1885;4617
Max Volume Count;eng-us-all;1886;4697
Max Volume Count;eng-us-all;1887;5118
Max Volume Count;eng-us-all;1888;5406
Max Volume Count;eng-us-all;1889;5245
Max Volume Count;eng-us-all;1890;5741
Max Volume Count;eng-us-all;1891;6045
Max Volume Count;eng-us-all;1892;6712
Max Volume Count;eng-us-all;1893;6664
Max Volume Count;eng-us-all;1894;6770
Max Volume Count;eng-us-all;1895;7766
Max Volume Count;eng-us-all;1896;8187
Max Volume Count;eng-us-all;1897;7854
Max Volume Count;eng-us-all;1898;8622
Max Volume Count;eng-us-all;1899;9963
Max Volume Count;eng-us-all;1900;10509
Max Volume Count;eng-us-all;1901;10179
Max Volume Count;eng-us-all;1902;10245
Max Volume Count;eng-us-all;1903;10057
Max Volume Count;eng-us-all;1904;10907
Max Volume Count;eng-us-all;1905;10183
Max Volume Count;eng-us-all;1906;10314
Max Volume Count;eng-us-all;1907;10489
Max Volume Count;eng-us-all;1908;10689
Max Volume Count;eng-us-all;1909;11708
Max Volume Count;eng-us-all;1910;12223
Max Volume Count;eng-us-all;1911;12386
Max Volume Count;eng-us-all;1912;12860
Max Volume Count;eng-us-all;1913;12590
Max Volume Count;eng-us-all;1914;12475
Max Volume Count;eng-us-all;1915;12358
Max Volume Count;eng-us-all;1916;13161
Max Volume Count;eng-us-all;1917;13079
Max Volume Count;eng-us-all;1918;11642
Max Volume Count;eng-us-all;1919;11464
Max Volume Count;eng-us-all;1920;13000
Max Volume Count;eng-us-all;1921;11193
Max Volume Count;eng-us-all;1922;13252
Max Volume Count;eng-us-all;1923;8973
Max Volume Count;eng-us-all;1924;8238
Max Volume Count;eng-us-all;1925;8520
Max Volume Count;eng-us-all;1926;8808
Max Volume Count;eng-us-all;1927;9700
Max Volume Count;eng-us-all;1928;9505
Max Volume Count;eng-us-all;1929;9590
Max Volume Count;eng-us-all;1930;9869
Max Volume Count;eng-us-all;1931;9171
Max Volume Count;eng-us-all;1932;7947
Max Volume Count;eng-us-all;1933;7452
Max Volume Count;eng-us-all;1934;7928
Max Volume Count;eng-us-all;1935;8628
Max Volume Count;eng-us-all;1936;9030
Max Volume Count;eng-us-all;1937;9331
Max Volume Count;eng-us-all;1938;9378
Max Volume Count;eng-us-all;1939;9464
Max Volume Count;eng-us-all;1940;9546
Max Volume Count;eng-us-all;1941;9428
Max Volume Count;eng-us-all;1942;9132
Max Volume Count;eng-us-all;1943;7680
Max Volume Count;eng-us-all;1944;6895
Max Volume Count;eng-us-all;1945;7251
Max Volume Count;eng-us-all;1946;8969
Max Volume Count;eng-us-all;1947;10031
Max Volume Count;eng-us-all;1948;10357
Max Volume Count;eng-us-all;1949;10826
Max Volume Count;eng-us-all;1950;11374
Max Volume Count;eng-us-all;1951;10673
Max Volume Count;eng-us-all;1952;10434
Max Volume Count;eng-us-all;1953;10646
Max Volume Count;eng-us-all;1954;11503
Max Volume Count;eng-us-all;1955;12064
Max Volume Count;eng-us-all;1956;12344
Max Volume Count;eng-us-all;1957;13095
Max Volume Count;eng-us-all;1958;13490
Max Volume Count;eng-us-all;1959;15303
Max Volume Count;eng-us-all;1960;17119
Max Volume Count;eng-us-all;1961;18470
Max Volume Count;eng-us-all;1962;19620
Max Volume Count;eng-us-all;1963;20778
Max Volume Count;eng-us-all;1964;21426
Max Volume Count;eng-us-all;1965;22931
Max Volume Count;eng-us-all;1966;24753
Max Volume Count;eng-us-all;1967;26047
Max Volume Count;eng-us-all;1968;28571
Max Volume Count;eng-us-all;1969;28261
Max Volume Count;eng-us-all;1970;29166
Max Volume Count;eng-us-all;1971;28663
Max Volume Count;eng-us-all;1972;29017
Max Volume Count;eng-us-all;1973;27901
Max Volume Count;eng-us-all;1974;28272
Max Volume Count;eng-us-all;1975;28222
Max Volume Count;eng-us-all;1976;29404
Max Volume Count;eng-us-all;1977;30276
Max Volume Count;eng-us-all;1978;30354
Max Volume Count;eng-us-all;1979;30999
Max Volume Count;eng-us-all;1980;29695
Max Volume Count;eng-us-all;1981;29181
Max Volume Count;eng-us-all;1982;30042
Max Volume Count;eng-us-all;1983;30699
Max Volume Count;eng-us-all;1984;32791
Max Volume Count;eng-us-all;1985;34137
Max Volume Count;eng-us-all;1986;34500
Max Volume Count;eng-us-all;1987;35227
Max Volume Count;eng-us-all;1988;37686
Max Volume Count;eng-us-all;1989;39942
Max Volume Count;eng-us-all;1990;43752
Max Volume Count;eng-us-all;1991;43939
Max Volume Count;eng-us-all;1992;46234
Max Volume Count;eng-us-all;1993;47232
Max Volume Count;eng-us-all;1994;51834
Max Volume Count;eng-us-all;1995;52524
Max Volume Count;eng-us-all;1996;55008
Max Volume Count;eng-us-all;1997;57288
Max Volume Count;eng-us-all;1998;59741
Max Volume Count;eng-us-all;1999;63592
Max Volume Count;eng-all;1800;669
Max Volume Count;eng-all;1801;976
Max Volume Count;eng-all;1802;843
Max Volume Count;eng-all;1803;941
Max Volume Count;eng-all;1804;1079
Max Volume Count;eng-all;1805;1054
Max Volume Count;eng-all;1806;1139
Max Volume Count;eng-all;1807;1139
Max Volume Count;eng-all;1808;1172
Max Volume Count;eng-all;1809;1188
Max Volume Count;eng-all;1810;1280
Max Volume Count;eng-all;1811;1425
Max Volume Count;eng-all;1812;1285
Max Volume Count;eng-all;1813;1148
Max Volume Count;eng-all;1814;1325
Max Volume Count;eng-all;1815;1281
Max Volume Count;eng-all;1816;1375
Max Volume Count;eng-all;1817;1608
Max Volume Count;eng-all;1818;1711
Max Volume Count;eng-all;1819;1603
Max Volume Count;eng-all;1820;1876
Max Volume Count;eng-all;1821;1530
Max Volume Count;eng-all;1822;2049
Max Volume Count;eng-all;1823;2096
Max Volume Count;eng-all;1824;2402
Max Volume Count;eng-all;1825;2571
Max Volume Count;eng-all;1826;2006
Max Volume Count;eng-all;1827;2124
Max Volume Count;eng-all;1828;2320
Max Volume Count;eng-all;1829;2338
Max Volume Count;eng-all;1830;2615
Max Volume Count;eng-all;1831;2458
Max Volume Count;eng-all;1832;2501
Max Volume Count;eng-all;1833;2655
Max Volume Count;eng-all;1834;2585
Max Volume Count;eng-all;1835;2946
Max Volume Count;eng-all;1836;2951
Max Volume Count;eng-all;1837;2642
Max Volume Count;eng-all;1838;2813
Max Volume Count;eng-all;1839;3195
Max Volume Count;eng-all;1840;3196
Max Volume Count;eng-all;1841;3048
Max Volume Count;eng-all;1842;2711
Max Volume Count;eng-all;1843;2899
Max Volume Count;eng-all;1844;3086
Max Volume Count;eng-all;1845;3294
Max Volume Count;eng-all;1846;3305
Max Volume Count;eng-all;1847;3291
Max Volume Count;eng-all;1848;3648
Max Volume Count;eng-all;1849;3539
Max Volume Count;eng-all;1850;3910
Max Volume Count;eng-all;1851;4021
Max Volume Count;eng-all;1852;4461
Max Volume Count;eng-all;1853;4706
Max Volume Count;eng-all;1854;4810
Max Volume Count;eng-all;1855;4404
Max Volume Count;eng-all;1856;4728
Max Volume Count;eng-all;1857;4319
Max Volume Count;eng-all;1858;4108
Max Volume Count;eng-all;1859;4572
Max Volume Count;eng-all;1860;4921
Max Volume Count;eng-all;1861;3664
Max Volume Count;eng-all;1862;3364
Max Volume Count;eng-all;1863;3527
Max Volume Count;eng-all;1864;4089
Max Volume Count;eng-all;1865;4265
Max Volume Count;eng-all;1866;4373
Max Volume Count;eng-all;1867;4168
Max Volume Count;eng-all;1868;4509
Max Volume Count;eng-all;1869;4589
Max Volume Count;eng-all;1870;4588
Max Volume Count;eng-all;1871;4674
Max Volume Count;eng-all;1872;4768
Max Volume Count;eng-all;1873;4799
Max Volume Count;eng-all;1874;5190
Max Volume Count;eng-all;1875;5335
Max Volume Count;eng-all;1876;5691
Max Volume Count;eng-all;1877;5657
Max Volume Count;eng-all;1878;5521
Max Volume Count;eng-all;1879;5912
Max Volume Count;eng-all;1880;6659
Max Volume Count;eng-all;1881;6836
Max Volume Count;eng-all;1882;7295
Max Volume Count;eng-all;1883;8091
Max Volume Count;eng-all;1884;7906
Max Volume Count;eng-all;1885;7804
Max Volume Count;eng-all;1886;6198
Max Volume Count;eng-all;1887;7215
Max Volume Count;eng-all;1888;7054
Max Volume Count;eng-all;1889;6480
Max Volume Count;eng-all;1890;7006
Max Volume Count;eng-all;1891;7600
Max Volume Count;eng-all;1892;8320
Max Volume Count;eng-all;1893;8214
Max Volume Count;eng-all;1894;8132
Max Volume Count;eng-all;1895;9184
Max Volume Count;eng-all;1896;9663
Max Volume Count;eng-all;1897;9632
Max Volume Count;eng-all;1898;10193
Max Volume Count;eng-all;1899;11421
Max Volume Count;eng-all;1900;12204
Max Volume Count;eng-all;1901;11923
Max Volume Count;eng-all;1902;12325
Max Volume Count;eng-all;1903;12386
Max Volume Count;eng-all;1904;13406
Max Volume Count;eng-all;1905;12833
Max Volume Count;eng-all;1906;13309
Max Volume Count;eng-all;1907;13533
Max Volume Count;eng-all;1908;13826
Max Volume Count;eng-all;1909;12638
Max Volume Count;eng-all;1910;13278
Max Volume Count;eng-all;1911;13659
Max Volume Count;eng-all;1912;14314
Max Volume Count;eng-all;1913;14064
Max Volume Count;eng-all;1914;13964
Max Volume Count;eng-all;1915;13357
Max Volume Count;eng-all;1916;13449
Max Volume Count;eng-all;1917;13535
Max Volume Count;eng-all;1918;12225
Max Volume Count;eng-all;1919;12588
Max Volume Count;eng-all;1920;14671
Max Volume Count;eng-all;1921;12681
Max Volume Count;eng-all;1922;14781
Max Volume Count;eng-all;1923;11962
Max Volume Count;eng-all;1924;11221
Max Volume Count;eng-all;1925;11609
Max Volume Count;eng-all;1926;11513
Max Volume Count;eng-all;1927;12560
Max Volume Count;eng-all;1928;12610
Max Volume Count;eng-all;1929;12430
Max Volume Count;eng-all;1930;13131
Max Volume Count;eng-all;1931;12339
Max Volume Count;eng-all;1932;10940
Max Volume Count;eng-all;1933;10129
Max Volume Count;eng-all;1934;10781
Max Volume Count;eng-all;1935;11543
Max Volume Count;eng-all;1936;12168
Max Volume Count;eng-all;1937;12393
Max Volume Count;eng-all;1938;12494
Max Volume Count;eng-all;1939;12255
Max Volume Count;eng-all;1940;11539
Max Volume Count;eng-all;1941;10956
Max Volume Count;eng-all;1942;10561
Max Volume Count;eng-all;1943;9221
Max Volume Count;eng-all;1944;8696
Max Volume Count;eng-all;1945;9542
Max Volume Count;eng-all;1946;12452
Max Volume Count;eng-all;1947;14115
Max Volume Count;eng-all;1948;14721
Max Volume Count;eng-all;1949;15754
Max Volume Count;eng-all;1950;15761
Max Volume Count;eng-all;1951;15418
Max Volume Count;eng-all;1952;15306
Max Volume Count;eng-all;1953;15325
Max Volume Count;eng-all;1954;16200
Max Volume Count;eng-all;1955;16994
Max Volume Count;eng-all;1956;17453
Max Volume Count;eng-all;1957;18977
Max Volume Count;eng-all;1958;19292
Max Volume Count;eng-all;1959;20780
Max Volume Count;eng-all;1960;24048
Max Volume Count;eng-all;1961;25762
Max Volume Count;eng-all;1962;27761
Max Volume Count;eng-all;1963;29568
Max Volume Count;eng-all;1964;30661
Max Volume Count;eng-all;1965;32998
Max Volume Count;eng-all;1966;35243
Max Volume Count;eng-all;1967;37635
Max Volume Count;eng-all;1968;40613
Max Volume Count;eng-all;1969;40152
Max Volume Count;eng-all;1970;42050
Max Volume Count;eng-all;1971;41676
Max Volume Count;eng-all;1972;43700
Max Volume Count;eng-all;1973;42412
Max Volume Count;eng-all;1974;42420
Max Volume Count;eng-all;1975;43864
Max Volume Count;eng-all;1976;44785
Max Volume Count;eng-all;1977;45230
Max Volume Count;eng-all;1978;45652
Max Volume Count;eng-all;1979;47093
Max Volume Count;eng-all;1980;47196
Max Volume Count;eng-all;1981;46107
Max Volume Count;eng-all;1982;48445
Max Volume Count;eng-all;1983;49481
Max Volume Count;eng-all;1984;52067
Max Volume Count;eng-all;1985;53730
Max Volume Count;eng-all;1986;56268
Max Volume Count;eng-all;1987;57855
Max Volume Count;eng-all;1988;60670
Max Volume Count;eng-all;1989;64027
Max Volume Count;eng-all;1990;69216
Max Volume Count;eng-all;1991;68158
Max Volume Count;eng-all;1992;72391
Max Volume Count;eng-all;1993;71656
Max Volume Count;eng-all;1994;76662
Max Volume Count;eng-all;1995;77889
Max Volume Count;eng-all;1996;82089
Max Volume Count;eng-all;1997;84100
Max Volume Count;eng-all;1998;87420
Max Volume Count;eng-all;1999;91981
Max Volume Count;eng-gb;1800;854
Max Volume Count;eng-gb;1801;1075
Max Volume Count;eng-gb;1802;895
Max Volume Count;eng-gb;1803;1055
Max Volume Count;eng-gb;1804;995
Max Volume Count;eng-gb;1805;1122
Max Volume Count;eng-gb;1806;1335
Max Volume Count;eng-gb;1807;1292
Max Volume Count;eng-gb;1808;1358
Max Volume Count;eng-gb;1809;1166
Max Volume Count;eng-gb;1810;1396
Max Volume Count;eng-gb;1811;1351
Max Volume Count;eng-gb;1812;1354
Max Volume Count;eng-gb;1813;1252
Max Volume Count;eng-gb;1814;1319
Max Volume Count;eng-gb;1815;1354
Max Volume Count;eng-gb;1816;1415
Max Volume Count;eng-gb;1817;1576
Max Volume Count;eng-gb;1818;1603
Max Volume Count;eng-gb;1819;1551
Max Volume Count;eng-gb;1820;2048
Max Volume Count;eng-gb;1821;1601
Max Volume Count;eng-gb;1822;1983
Max Volume Count;eng-gb;1823;2143
Max Volume Count;eng-gb;1824;2321
Max Volume Count;eng-gb;1825;2542
Max Volume Count;eng-gb;1826;1948
Max Volume Count;eng-gb;1827;1927
Max Volume Count;eng-gb;1828;2096
Max Volume Count;eng-gb;1829;2004
Max Volume Count;eng-gb;1830;2481
Max Volume Count;eng-gb;1831;2041
Max Volume Count;eng-gb;1832;2057
Max Volume Count;eng-gb;1833;2235
Max Volume Count;eng-gb;1834;2216
Max Volume Count;eng-gb;1835;2316
Max Volume Count;eng-gb;1836;2128
Max Volume Count;eng-gb;1837;2338
Max Volume Count;eng-gb;1838;2319
Max Volume Count;eng-gb;1839;2587
Max Volume Count;eng-gb;1840;2536
Max Volume Count;eng-gb;1841;2440
Max Volume Count;eng-gb;1842;2283
Max Volume Count;eng-gb;1843;2359
Max Volume Count;eng-gb;1844;2491
Max Volume Count;eng-gb;1845;2537
Max Volume Count;eng-gb;1846;2498
Max Volume Count;eng-gb;1847;2648
Max Volume Count;eng-gb;1848;2817
Max Volume Count;eng-gb;1849;2645
Max Volume Count;eng-gb;1850;2937
Max Volume Count;eng-gb;1851;2918
Max Volume Count;eng-gb;1852;3279
Max Volume Count;eng-gb;1853;3377
Max Volume Count;eng-gb;1854;3435
Max Volume Count;eng-gb;1855;3092
Max Volume Count;eng-gb;1856;2965
Max Volume Count;eng-gb;1857;3264
Max Volume Count;eng-gb;1858;3258
Max Volume Count;eng-gb;1859;3154
Max Volume Count;eng-gb;1860;3368
Max Volume Count;eng-gb;1861;2869
Max Volume Count;eng-gb;1862;3020
Max Volume Count;eng-gb;1863;2745
Max Volume Count;eng-gb;1864;2905
Max Volume Count;eng-gb;1865;3343
Max Volume Count;eng-gb;1866;3298
Max Volume Count;eng-gb;1867;3264
Max Volume Count;eng-gb;1868;3559
Max Volume Count;eng-gb;1869;3668
Max Volume Count;eng-gb;1870;3789
Max Volume Count;eng-gb;1871;3751
Max Volume Count;eng-gb;1872;3739
Max Volume Count;eng-gb;1873;3882
Max Volume Count;eng-gb;1874;4092
Max Volume Count;eng-gb;1875;4291
Max Volume Count;eng-gb;1876;4310
Max Volume Count;eng-gb;1877;4463
Max Volume Count;eng-gb;1878;4392
Max Volume Count;eng-gb;1879;4560
Max Volume Count;eng-gb;1880;4841
Max Volume Count;eng-gb;1881;4755
Max Volume Count;eng-gb;1882;5300
Max Volume Count;eng-gb;1883;5841
Max Volume Count;eng-gb;1884;5721
Max Volume Count;eng-gb;1885;5937
Max Volume Count;eng-gb;1886;3481
Max Volume Count;eng-gb;1887;4382
Max Volume Count;eng-gb;1888;3980
Max Volume Count;eng-gb;1889;3470
Max Volume Count;eng-gb;1890;3466
Max Volume Count;eng-gb;1891;3782
Max Volume Count;eng-gb;1892;3967
Max Volume Count;eng-gb;1893;3994
Max Volume Count;eng-gb;1894;3814
Max Volume Count;eng-gb;1895;4293
Max Volume Count;eng-gb;1896;4210
Max Volume Count;eng-gb;1897;4168
Max Volume Count;eng-gb;1898;4195
Max Volume Count;eng-gb;1899;4206
Max Volume Count;eng-gb;1900;4042
Max Volume Count;eng-gb;1901;4208
Max Volume Count;eng-gb;1902;4513
Max Volume Count;eng-gb;1903;4571
Max Volume Count;eng-gb;1904;5003
Max Volume Count;eng-gb;1905;4819
Max Volume Count;eng-gb;1906;5174
Max Volume Count;eng-gb;1907;5184
Max Volume Count;eng-gb;1908;5339
Max Volume Count;eng-gb;1909;3043
Max Volume Count;eng-gb;1910;3238
Max Volume Count;eng-gb;1911;3440
Max Volume Count;eng-gb;1912;3795
Max Volume Count;eng-gb;1913;3475
Max Volume Count;eng-gb;1914;3245
Max Volume Count;eng-gb;1915;2544
Max Volume Count;eng-gb;1916;2112
Max Volume Count;eng-gb;1917;2021
Max Volume Count;eng-gb;1918;1852
Max Volume Count;eng-gb;1919;2355
Max Volume Count;eng-gb;1920;3390
Max Volume Count;eng-gb;1921;2967
Max Volume Count;eng-gb;1922;3022
Max Volume Count;eng-gb;1923;4106
Max Volume Count;eng-gb;1924;3854
Max Volume Count;eng-gb;1925;3963
Max Volume Count;eng-gb;1926;3522
Max Volume Count;eng-gb;1927;3964
Max Volume Count;eng-gb;1928;3917
Max Volume Count;eng-gb;1929;3570
Max Volume Count;eng-gb;1930;3742
Max Volume Count;eng-gb;1931;3648
Max Volume Count;eng-gb;1932;3233
Max Volume Count;eng-gb;1933;2864
Max Volume Count;eng-gb;1934;3068
Max Volume Count;eng-gb;1935;3149
Max Volume Count;eng-gb;1936;3254
Max Volume Count;eng-gb;1937;2998
Max Volume Count;eng-gb;1938;3127
Max Volume Count;eng-gb;1939;2793
Max Volume Count;eng-gb;1940;2160
Max Volume Count;eng-gb;1941;1629
Max Volume Count;eng-gb;1942;1659
Max Volume Count;eng-gb;1943;1688
Max Volume Count;eng-gb;1944;1750
Max Volume Count;eng-gb;1945;2124
Max Volume Count;eng-gb;1946;3137
Max Volume Count;eng-gb;1947;3408
Max Volume Count;eng-gb;1948;3712
Max Volume Count;eng-gb;1949;3962
Max Volume Count;eng-gb;1950;3862
Max Volume Count;eng-gb;1951;4015
Max Volume Count;eng-gb;1952;4123
Max Volume Count;eng-gb;1953;3810
Max Volume Count;eng-gb;1954;3780
Max Volume Count;eng-gb;1955;3899
Max Volume Count;eng-gb;1956;3846
Max Volume Count;eng-gb;1957;4413
Max Volume Count;eng-gb;1958;4256
Max Volume Count;eng-gb;1959;3807
Max Volume Count;eng-gb;1960;5182
Max Volume Count;eng-gb;1961;5445
Max Volume Count;eng-gb;1962;5791
Max Volume Count;eng-gb;1963;5835
Max Volume Count;eng-gb;1964;6038
Max Volume Count;eng-gb;1965;6606
Max Volume Count;eng-gb;1966;6737
Max Volume Count;eng-gb;1967;7339
Max Volume Count;eng-gb;1968;7933
Max Volume Count;eng-gb;1969;7706
Max Volume Count;eng-gb;1970;7542
Max Volume Count;eng-gb;1971;7956
Max Volume Count;eng-gb;1972;7995
Max Volume Count;eng-gb;1973;7965
Max Volume Count;eng-gb;1974;6947
Max Volume Count;eng-gb;1975;7832
Max Volume Count;eng-gb;1976;7734
Max Volume Count;eng-gb;1977;7468
Max Volume Count;eng-gb;1978;7571
Max Volume Count;eng-gb;1979;7725
Max Volume Count;eng-gb;1980;7925
Max Volume Count;eng-gb;1981;7755
Max Volume Count;eng-gb;1982;8361
Max Volume Count;eng-gb;1983;8549
Max Volume Count;eng-gb;1984;8902
Max Volume Count;eng-gb;1985;9103
Max Volume Count;eng-gb;1986;9817
Max Volume Count;eng-gb;1987;9695
Max Volume Count;eng-gb;1988;9875
Max Volume Count;eng-gb;1989;10751
Max Volume Count;eng-gb;1990;11009
Max Volume Count;eng-gb;1991;10116
Max Volume Count;eng-gb;1992;11245
Max Volume Count;eng-gb;1993;11011
Max Volume Count;eng-gb;1994;11618
Max Volume Count;eng-gb;1995;12442
Max Volume Count;eng-gb;1996;13666
Max Volume Count;eng-gb;1997;13336
Max Volume Count;eng-gb;1998;14679
Max Volume Count;eng-gb;1999;15610
