eng-fiction;1579;Clauset top 5000 types;1.2076653949171303
eng-fiction;1579;PDF Regression top 5000 types;1.0834278752754096
eng-fiction;1587;Clauset top 5000 types;1.2089487455040215
eng-fiction;1587;PDF Regression top 5000 types;1.0936354204051653
eng-fiction;1592;Clauset top 5000 types;1.2045550782233476
eng-fiction;1592;PDF Regression top 5000 types;1.0125685576782426
eng-fiction;1598;Clauset top 5000 types;1.1847475398331877
eng-fiction;1598;PDF Regression top 5000 types;0.7864876940692277
eng-fiction;1603;Clauset top 5000 types;1.190138550028205
eng-fiction;1603;PDF Regression top 5000 types;0.9053273383694802
eng-fiction;1607;Clauset top 5000 types;1.192680870220065
eng-fiction;1607;PDF Regression top 5000 types;0.9526957537542992
eng-fiction;1609;Clauset top 5000 types;1.1848622108250852
eng-fiction;1609;PDF Regression top 5000 types;0.8859016916816762
eng-fiction;1621;Clauset top 5000 types;1.200934368446469
eng-fiction;1621;PDF Regression top 5000 types;1.1226182950121242
eng-fiction;1643;Clauset top 5000 types;1.2082638006657362
eng-fiction;1643;PDF Regression top 5000 types;1.150797873129272
eng-fiction;1644;Clauset top 5000 types;1.2090307299047707
eng-fiction;1644;PDF Regression top 5000 types;1.1566288072049997
eng-fiction;1650;Clauset top 5000 types;1.2107057837396862
eng-fiction;1650;PDF Regression top 5000 types;1.1181793589772338
eng-fiction;1651;Clauset top 5000 types;1.2359618017822505
eng-fiction;1651;PDF Regression top 5000 types;1.0000837627653634
eng-fiction;1657;Clauset top 5000 types;1.2057202748209237
eng-fiction;1657;PDF Regression top 5000 types;0.9088450107299599
eng-fiction;1660;Clauset top 5000 types;1.1836865652352568
eng-fiction;1660;PDF Regression top 5000 types;0.7478805826308488
eng-fiction;1666;Clauset top 5000 types;1.225005229637027
eng-fiction;1666;PDF Regression top 5000 types;1.123585025002972
eng-fiction;1667;Clauset top 5000 types;1.2071059719473123
eng-fiction;1667;PDF Regression top 5000 types;1.0181568849740186
eng-fiction;1673;Clauset top 5000 types;1.2120184718817473
eng-fiction;1673;PDF Regression top 5000 types;1.1346860915537498
eng-fiction;1675;Clauset top 5000 types;1.2171372724324463
eng-fiction;1675;PDF Regression top 5000 types;1.1012101491680841
eng-fiction;1681;Clauset top 5000 types;1.2111284320801494
eng-fiction;1681;PDF Regression top 5000 types;1.0064394040043487
eng-fiction;1682;Clauset top 5000 types;1.2101309552043675
eng-fiction;1682;PDF Regression top 5000 types;0.982871564823939
eng-fiction;1683;Clauset top 5000 types;1.2214103744179012
eng-fiction;1683;PDF Regression top 5000 types;1.2263016065592884
eng-fiction;1685;Clauset top 5000 types;1.2046449663490055
eng-fiction;1685;PDF Regression top 5000 types;1.1303318923013617
eng-fiction;1689;Clauset top 5000 types;1.2080348605662583
eng-fiction;1689;PDF Regression top 5000 types;1.119866241949628
eng-fiction;1693;Clauset top 5000 types;1.2133466995507478
eng-fiction;1693;PDF Regression top 5000 types;1.1383663999958513
eng-fiction;1696;Clauset top 5000 types;1.2003295325487853
eng-fiction;1696;PDF Regression top 5000 types;1.0013812869397012
eng-fiction;1701;Clauset top 5000 types;1.2116965625435112
eng-fiction;1701;PDF Regression top 5000 types;0.809248643132517
eng-fiction;1702;Clauset top 5000 types;1.2130144751816987
eng-fiction;1702;PDF Regression top 5000 types;1.0780350017253721
eng-fiction;1703;Clauset top 5000 types;1.2257931908220054
eng-fiction;1703;PDF Regression top 5000 types;0.9387319678851465
eng-fiction;1704;Clauset top 5000 types;1.21633511133492
eng-fiction;1704;PDF Regression top 5000 types;1.0840614448710066
eng-fiction;1705;Clauset top 5000 types;1.2083759263902902
eng-fiction;1705;PDF Regression top 5000 types;1.0047974866440283
eng-fiction;1706;Clauset top 5000 types;1.2148754674941302
eng-fiction;1706;PDF Regression top 5000 types;1.0912555762143357
eng-fiction;1708;Clauset top 5000 types;1.2087102941423653
eng-fiction;1708;PDF Regression top 5000 types;1.058518401339032
eng-fiction;1709;Clauset top 5000 types;1.2150031327456237
eng-fiction;1709;PDF Regression top 5000 types;1.1146556235293221
eng-fiction;1710;Clauset top 5000 types;1.2080428982526061
eng-fiction;1710;PDF Regression top 5000 types;1.0332800203612484
eng-fiction;1711;Clauset top 5000 types;1.2047994238883257
eng-fiction;1711;PDF Regression top 5000 types;1.088679095069435
eng-fiction;1713;Clauset top 5000 types;1.2141700265556574
eng-fiction;1713;PDF Regression top 5000 types;1.1053284511207881
eng-fiction;1714;Clauset top 5000 types;1.2185579334944487
eng-fiction;1714;PDF Regression top 5000 types;1.1466175989651106
eng-fiction;1715;Clauset top 5000 types;1.2179438542574643
eng-fiction;1715;PDF Regression top 5000 types;1.0985833738196105
eng-fiction;1716;Clauset top 5000 types;1.1820345527678728
eng-fiction;1716;PDF Regression top 5000 types;0.7264221198881518
eng-fiction;1717;Clauset top 5000 types;1.2042094577103852
eng-fiction;1717;PDF Regression top 5000 types;1.0305297594968266
eng-fiction;1718;Clauset top 5000 types;1.207974845841527
eng-fiction;1718;PDF Regression top 5000 types;1.0484247714322705
eng-fiction;1719;Clauset top 5000 types;1.220222002491355
eng-fiction;1719;PDF Regression top 5000 types;1.1922659819915395
eng-fiction;1720;Clauset top 5000 types;1.217334731593728
eng-fiction;1720;PDF Regression top 5000 types;1.1139639010037652
eng-fiction;1721;Clauset top 5000 types;1.2071039625257254
eng-fiction;1721;PDF Regression top 5000 types;1.1248325718979133
eng-fiction;1722;Clauset top 5000 types;1.220968033745885
eng-fiction;1722;PDF Regression top 5000 types;1.1386824617627442
eng-fiction;1723;Clauset top 5000 types;1.2047616467624902
eng-fiction;1723;PDF Regression top 5000 types;1.0173266229378748
eng-fiction;1724;Clauset top 5000 types;1.2140274915844202
eng-fiction;1724;PDF Regression top 5000 types;1.118527616874392
eng-fiction;1725;Clauset top 5000 types;1.2176491390913726
eng-fiction;1725;PDF Regression top 5000 types;1.1037639345875943
eng-fiction;1726;Clauset top 5000 types;1.2133892992883921
eng-fiction;1726;PDF Regression top 5000 types;1.0823046362352884
eng-fiction;1727;Clauset top 5000 types;1.215773678943515
eng-fiction;1727;PDF Regression top 5000 types;1.0923866668546638
eng-fiction;1728;Clauset top 5000 types;1.2129717414826156
eng-fiction;1728;PDF Regression top 5000 types;1.0660455114685188
eng-fiction;1729;Clauset top 5000 types;1.2098736152797938
eng-fiction;1729;PDF Regression top 5000 types;1.0346719695535649
eng-fiction;1730;Clauset top 5000 types;1.1788228272646666
eng-fiction;1730;PDF Regression top 5000 types;0.7398716111852117
eng-fiction;1731;Clauset top 5000 types;1.1979251926392316
eng-fiction;1731;PDF Regression top 5000 types;0.9839387280845799
eng-fiction;1732;Clauset top 5000 types;1.2067557967454192
eng-fiction;1732;PDF Regression top 5000 types;1.097214929983456
eng-fiction;1733;Clauset top 5000 types;1.2102468318492172
eng-fiction;1733;PDF Regression top 5000 types;1.0316365648911543
eng-fiction;1734;Clauset top 5000 types;1.2141618549078703
eng-fiction;1734;PDF Regression top 5000 types;1.0280032115458968
eng-fiction;1735;Clauset top 5000 types;1.2155061579495667
eng-fiction;1735;PDF Regression top 5000 types;1.1428083752568172
eng-fiction;1736;Clauset top 5000 types;1.2006898888200521
eng-fiction;1736;PDF Regression top 5000 types;0.9901453145568725
eng-fiction;1737;Clauset top 5000 types;1.214186905696988
eng-fiction;1737;PDF Regression top 5000 types;1.0648197392712433
eng-fiction;1738;Clauset top 5000 types;1.2150287193804978
eng-fiction;1738;PDF Regression top 5000 types;1.0828600848539514
eng-fiction;1739;Clauset top 5000 types;1.2176815577596425
eng-fiction;1739;PDF Regression top 5000 types;1.0936471002542725
eng-fiction;1740;Clauset top 5000 types;1.2151705845445395
eng-fiction;1740;PDF Regression top 5000 types;1.07528240157716
eng-fiction;1741;Clauset top 5000 types;1.2181843150407075
eng-fiction;1741;PDF Regression top 5000 types;1.0888605068745316
eng-fiction;1742;Clauset top 5000 types;1.2178786150366068
eng-fiction;1742;PDF Regression top 5000 types;1.2059996795381858
eng-fiction;1743;Clauset top 5000 types;1.21072065345943
eng-fiction;1743;PDF Regression top 5000 types;1.0959465128688037
eng-fiction;1744;Clauset top 5000 types;1.2140833535045388
eng-fiction;1744;PDF Regression top 5000 types;1.0861130983391214
eng-fiction;1745;Clauset top 5000 types;1.212930615320802
eng-fiction;1745;PDF Regression top 5000 types;1.0878107443418195
eng-fiction;1746;Clauset top 5000 types;1.2087419090420006
eng-fiction;1746;PDF Regression top 5000 types;1.0183967743575388
eng-fiction;1747;Clauset top 5000 types;1.216648179218173
eng-fiction;1747;PDF Regression top 5000 types;1.1027391067680359
eng-fiction;1748;Clauset top 5000 types;1.2149274445325136
eng-fiction;1748;PDF Regression top 5000 types;1.0683513929013428
eng-fiction;1749;Clauset top 5000 types;1.2130718106776477
eng-fiction;1749;PDF Regression top 5000 types;1.1025778950085687
eng-fiction;1750;Clauset top 5000 types;1.2131637082248927
eng-fiction;1750;PDF Regression top 5000 types;1.06409110122668
eng-fiction;1751;Clauset top 5000 types;1.2188363053649662
eng-fiction;1751;PDF Regression top 5000 types;1.1064625690952452
eng-fiction;1752;Clauset top 5000 types;1.2132329662889243
eng-fiction;1752;PDF Regression top 5000 types;1.1163917597954232
eng-fiction;1753;Clauset top 5000 types;1.2154431960731744
eng-fiction;1753;PDF Regression top 5000 types;1.133503734899774
eng-fiction;1754;Clauset top 5000 types;1.2132100588828325
eng-fiction;1754;PDF Regression top 5000 types;1.0620211714007666
eng-fiction;1755;Clauset top 5000 types;1.21341582365334
eng-fiction;1755;PDF Regression top 5000 types;1.0589936838914156
eng-fiction;1756;Clauset top 5000 types;1.2196249363571403
eng-fiction;1756;PDF Regression top 5000 types;1.137478432647764
eng-fiction;1757;Clauset top 5000 types;1.2121962387114764
eng-fiction;1757;PDF Regression top 5000 types;1.0187126468863315
eng-fiction;1758;Clauset top 5000 types;1.2075247354060412
eng-fiction;1758;PDF Regression top 5000 types;1.074538112306991
eng-fiction;1759;Clauset top 5000 types;1.205495219603181
eng-fiction;1759;PDF Regression top 5000 types;1.119026847116222
eng-fiction;1760;Clauset top 5000 types;1.2111605828255414
eng-fiction;1760;PDF Regression top 5000 types;1.0685260061818729
eng-fiction;1761;Clauset top 5000 types;1.2073124065250158
eng-fiction;1761;PDF Regression top 5000 types;1.0277641575922334
eng-fiction;1762;Clauset top 5000 types;1.2092363607138397
eng-fiction;1762;PDF Regression top 5000 types;1.1077057630553684
eng-fiction;1763;Clauset top 5000 types;1.2141116193681956
eng-fiction;1763;PDF Regression top 5000 types;1.0768910745912428
eng-fiction;1764;Clauset top 5000 types;1.211130977347493
eng-fiction;1764;PDF Regression top 5000 types;1.0788475745794779
eng-fiction;1765;Clauset top 5000 types;1.2182267808169127
eng-fiction;1765;PDF Regression top 5000 types;1.1092755160473025
eng-fiction;1766;Clauset top 5000 types;1.2117447886615988
eng-fiction;1766;PDF Regression top 5000 types;1.0596515249778713
eng-fiction;1767;Clauset top 5000 types;1.214470636025071
eng-fiction;1767;PDF Regression top 5000 types;1.1000496352027742
eng-fiction;1768;Clauset top 5000 types;1.2106811348348854
eng-fiction;1768;PDF Regression top 5000 types;1.0805858388409384
eng-fiction;1769;Clauset top 5000 types;1.2041538637131455
eng-fiction;1769;PDF Regression top 5000 types;0.9889974806696887
eng-fiction;1770;Clauset top 5000 types;1.2125726703554394
eng-fiction;1770;PDF Regression top 5000 types;1.080462529279376
eng-fiction;1771;Clauset top 5000 types;1.2146998440474275
eng-fiction;1771;PDF Regression top 5000 types;1.0674727179293657
eng-fiction;1772;Clauset top 5000 types;1.2060129805654287
eng-fiction;1772;PDF Regression top 5000 types;1.014868259127684
eng-fiction;1773;Clauset top 5000 types;1.2077384039014578
eng-fiction;1773;PDF Regression top 5000 types;1.0940137123865905
eng-fiction;1774;Clauset top 5000 types;1.2109028410166502
eng-fiction;1774;PDF Regression top 5000 types;1.0581867798169187
eng-fiction;1775;Clauset top 5000 types;1.2150305948406457
eng-fiction;1775;PDF Regression top 5000 types;1.134708315593844
eng-fiction;1776;Clauset top 5000 types;1.2121922198683024
eng-fiction;1776;PDF Regression top 5000 types;1.1245127524079954
eng-fiction;1777;Clauset top 5000 types;1.2139409524947404
eng-fiction;1777;PDF Regression top 5000 types;1.0578144642441298
eng-fiction;1778;Clauset top 5000 types;1.2126622905582192
eng-fiction;1778;PDF Regression top 5000 types;1.1272342211881723
eng-fiction;1779;Clauset top 5000 types;1.2180145858973266
eng-fiction;1779;PDF Regression top 5000 types;1.089100950384823
eng-fiction;1780;Clauset top 5000 types;1.2022562999278306
eng-fiction;1780;PDF Regression top 5000 types;0.9812247153773898
eng-fiction;1781;Clauset top 5000 types;1.2111045869439838
eng-fiction;1781;PDF Regression top 5000 types;1.021024857957736
eng-fiction;1782;Clauset top 5000 types;1.208571644052863
eng-fiction;1782;PDF Regression top 5000 types;1.011943841965685
eng-fiction;1783;Clauset top 5000 types;1.211856780424714
eng-fiction;1783;PDF Regression top 5000 types;1.0586629319082879
eng-fiction;1784;Clauset top 5000 types;1.2165770456939935
eng-fiction;1784;PDF Regression top 5000 types;1.0358580286463277
eng-fiction;1785;Clauset top 5000 types;1.2090126451104877
eng-fiction;1785;PDF Regression top 5000 types;1.0789262391826664
eng-fiction;1786;Clauset top 5000 types;1.2136248034983874
eng-fiction;1786;PDF Regression top 5000 types;1.0660335084276729
eng-fiction;1787;Clauset top 5000 types;1.2071262001246217
eng-fiction;1787;PDF Regression top 5000 types;1.01742188071567
eng-fiction;1788;Clauset top 5000 types;1.2120460679382086
eng-fiction;1788;PDF Regression top 5000 types;1.038470752009342
eng-fiction;1789;Clauset top 5000 types;1.2162749626487495
eng-fiction;1789;PDF Regression top 5000 types;1.0624831780180937
eng-fiction;1790;Clauset top 5000 types;1.217115436717868
eng-fiction;1790;PDF Regression top 5000 types;1.0764387101188446
eng-fiction;1791;Clauset top 5000 types;1.2114113586395978
eng-fiction;1791;PDF Regression top 5000 types;1.0696562242873595
eng-fiction;1792;Clauset top 5000 types;1.2127793728560212
eng-fiction;1792;PDF Regression top 5000 types;1.069969498093022
eng-fiction;1793;Clauset top 5000 types;1.2136294921487571
eng-fiction;1793;PDF Regression top 5000 types;1.0416161099011494
eng-fiction;1794;Clauset top 5000 types;1.2148828353732826
eng-fiction;1794;PDF Regression top 5000 types;1.106478516505387
eng-fiction;1795;Clauset top 5000 types;1.2132318945974112
eng-fiction;1795;PDF Regression top 5000 types;1.0561735917230388
eng-fiction;1796;Clauset top 5000 types;1.2125659722834827
eng-fiction;1796;PDF Regression top 5000 types;1.0204215834595127
eng-fiction;1797;Clauset top 5000 types;1.212607634291053
eng-fiction;1797;PDF Regression top 5000 types;1.005562470163079
eng-fiction;1798;Clauset top 5000 types;1.2149427161365747
eng-fiction;1798;PDF Regression top 5000 types;1.077999253635439
eng-fiction;1799;Clauset top 5000 types;1.2093671070784333
eng-fiction;1799;PDF Regression top 5000 types;1.0241677120741384
eng-fiction;1800;Clauset top 5000 types;1.2131274046748877
eng-fiction;1800;PDF Regression top 5000 types;1.0314018949491057
eng-fiction;1801;Clauset top 5000 types;1.214012889787555
eng-fiction;1801;PDF Regression top 5000 types;1.005484192993113
eng-fiction;1802;Clauset top 5000 types;1.209451770707965
eng-fiction;1802;PDF Regression top 5000 types;1.0443745488874492
eng-fiction;1803;Clauset top 5000 types;1.2127778992801905
eng-fiction;1803;PDF Regression top 5000 types;1.0319364561642332
eng-fiction;1804;Clauset top 5000 types;1.2109376709908246
eng-fiction;1804;PDF Regression top 5000 types;1.027400841868603
eng-fiction;1805;Clauset top 5000 types;1.2153876020759344
eng-fiction;1805;PDF Regression top 5000 types;1.0410364630290765
eng-fiction;1806;Clauset top 5000 types;1.2165628457814452
eng-fiction;1806;PDF Regression top 5000 types;1.0431293249029334
eng-fiction;1807;Clauset top 5000 types;1.2115007109194993
eng-fiction;1807;PDF Regression top 5000 types;1.0179330531992317
eng-fiction;1808;Clauset top 5000 types;1.214811433926225
eng-fiction;1808;PDF Regression top 5000 types;1.0276492314369778
eng-fiction;1809;Clauset top 5000 types;1.2122866626828908
eng-fiction;1809;PDF Regression top 5000 types;1.047920050944549
eng-fiction;1810;Clauset top 5000 types;1.2152099692076446
eng-fiction;1810;PDF Regression top 5000 types;1.023414973333463
eng-fiction;1811;Clauset top 5000 types;1.2133974709361792
eng-fiction;1811;PDF Regression top 5000 types;1.0461493159533626
eng-fiction;1812;Clauset top 5000 types;1.2153774210065604
eng-fiction;1812;PDF Regression top 5000 types;1.0906004769177444
eng-fiction;1813;Clauset top 5000 types;1.212678231969476
eng-fiction;1813;PDF Regression top 5000 types;1.0401748285946313
eng-fiction;1814;Clauset top 5000 types;1.2148595260828736
eng-fiction;1814;PDF Regression top 5000 types;1.0307363371055378
eng-fiction;1815;Clauset top 5000 types;1.214200971648097
eng-fiction;1815;PDF Regression top 5000 types;1.0600828950969752
eng-fiction;1816;Clauset top 5000 types;1.212498723641038
eng-fiction;1816;PDF Regression top 5000 types;1.039912807551365
eng-fiction;1817;Clauset top 5000 types;1.2130968614667654
eng-fiction;1817;PDF Regression top 5000 types;1.0282211712554976
eng-fiction;1818;Clauset top 5000 types;1.2121761444956065
eng-fiction;1818;PDF Regression top 5000 types;1.0105576089978616
eng-fiction;1819;Clauset top 5000 types;1.2157377772778273
eng-fiction;1819;PDF Regression top 5000 types;1.0162092325925738
eng-fiction;1820;Clauset top 5000 types;1.2152264464646576
eng-fiction;1820;PDF Regression top 5000 types;1.0412310658447779
eng-fiction;1821;Clauset top 5000 types;1.214050532951951
eng-fiction;1821;PDF Regression top 5000 types;1.0401470000149544
eng-fiction;1822;Clauset top 5000 types;1.2150079553574324
eng-fiction;1822;PDF Regression top 5000 types;1.0366439597630634
eng-fiction;1823;Clauset top 5000 types;1.2130920388549566
eng-fiction;1823;PDF Regression top 5000 types;1.0351160619736854
eng-fiction;1824;Clauset top 5000 types;1.2151444620639087
eng-fiction;1824;PDF Regression top 5000 types;1.0615247925330138
eng-fiction;1825;Clauset top 5000 types;1.2130896275490524
eng-fiction;1825;PDF Regression top 5000 types;1.0283637735611495
eng-fiction;1826;Clauset top 5000 types;1.2133441542834045
eng-fiction;1826;PDF Regression top 5000 types;1.0236609204349814
eng-fiction;1827;Clauset top 5000 types;1.212065358385444
eng-fiction;1827;PDF Regression top 5000 types;1.0312905130047234
eng-fiction;1828;Clauset top 5000 types;1.2148643486946824
eng-fiction;1828;PDF Regression top 5000 types;1.0115485283023786
eng-fiction;1829;Clauset top 5000 types;1.2149243634194138
eng-fiction;1829;PDF Regression top 5000 types;1.0014171317690652
eng-fiction;1830;Clauset top 5000 types;1.2149624084681274
eng-fiction;1830;PDF Regression top 5000 types;1.0192473378717986
eng-fiction;1831;Clauset top 5000 types;1.2146856441348792
eng-fiction;1831;PDF Regression top 5000 types;1.0472081707097904
eng-fiction;1832;Clauset top 5000 types;1.2131036935001611
eng-fiction;1832;PDF Regression top 5000 types;1.0327087347973514
eng-fiction;1833;Clauset top 5000 types;1.2115254937857391
eng-fiction;1833;PDF Regression top 5000 types;1.0305146933725078
eng-fiction;1834;Clauset top 5000 types;1.2143704328685998
eng-fiction;1834;PDF Regression top 5000 types;1.0341006851165055
eng-fiction;1835;Clauset top 5000 types;1.2141650699824096
eng-fiction;1835;PDF Regression top 5000 types;1.037001162737352
eng-fiction;1836;Clauset top 5000 types;1.2155020051449537
eng-fiction;1836;PDF Regression top 5000 types;1.0427000429338737
eng-fiction;1837;Clauset top 5000 types;1.2144952849298716
eng-fiction;1837;PDF Regression top 5000 types;1.025061006640514
eng-fiction;1838;Clauset top 5000 types;1.2132773075252772
eng-fiction;1838;PDF Regression top 5000 types;1.0269290829278537
eng-fiction;1839;Clauset top 5000 types;1.213722997233272
eng-fiction;1839;PDF Regression top 5000 types;1.0418753888651295
eng-fiction;1840;Clauset top 5000 types;1.2128190254420044
eng-fiction;1840;PDF Regression top 5000 types;1.0417997903597636
eng-fiction;1841;Clauset top 5000 types;1.2136012262851001
eng-fiction;1841;PDF Regression top 5000 types;1.051304466746473
eng-fiction;1842;Clauset top 5000 types;1.2145621316879989
eng-fiction;1842;PDF Regression top 5000 types;1.048254846285616
eng-fiction;1843;Clauset top 5000 types;1.2126409906893971
eng-fiction;1843;PDF Regression top 5000 types;1.035089047703773
eng-fiction;1844;Clauset top 5000 types;1.2143417651206254
eng-fiction;1844;PDF Regression top 5000 types;1.0531131674640823
eng-fiction;1845;Clauset top 5000 types;1.2136518637090923
eng-fiction;1845;PDF Regression top 5000 types;1.0335958329215398
eng-fiction;1846;Clauset top 5000 types;1.213163976147771
eng-fiction;1846;PDF Regression top 5000 types;1.0418314476578385
eng-fiction;1847;Clauset top 5000 types;1.214768298342824
eng-fiction;1847;PDF Regression top 5000 types;1.055203439796281
eng-fiction;1848;Clauset top 5000 types;1.2138877698034047
eng-fiction;1848;PDF Regression top 5000 types;1.0662028682539848
eng-fiction;1849;Clauset top 5000 types;1.2144067364186049
eng-fiction;1849;PDF Regression top 5000 types;1.0365037801531458
eng-fiction;1850;Clauset top 5000 types;1.2137776535004379
eng-fiction;1850;PDF Regression top 5000 types;1.037350401936357
eng-fiction;1851;Clauset top 5000 types;1.2115055335313079
eng-fiction;1851;PDF Regression top 5000 types;1.020615056616474
eng-fiction;1852;Clauset top 5000 types;1.2143143030256034
eng-fiction;1852;PDF Regression top 5000 types;1.0357738401733498
eng-fiction;1853;Clauset top 5000 types;1.2136589636653663
eng-fiction;1853;PDF Regression top 5000 types;1.0496699068520154
eng-fiction;1854;Clauset top 5000 types;1.2143007729202508
eng-fiction;1854;PDF Regression top 5000 types;1.0408268762686737
eng-fiction;1855;Clauset top 5000 types;1.2132866848260164
eng-fiction;1855;PDF Regression top 5000 types;1.0626857657131432
eng-fiction;1856;Clauset top 5000 types;1.2128728779405356
eng-fiction;1856;PDF Regression top 5000 types;1.0386766352600834
eng-fiction;1857;Clauset top 5000 types;1.2131019520014525
eng-fiction;1857;PDF Regression top 5000 types;1.0532738109251478
eng-fiction;1858;Clauset top 5000 types;1.2132606963068249
eng-fiction;1858;PDF Regression top 5000 types;1.0485791129461552
eng-fiction;1859;Clauset top 5000 types;1.2146221464127303
eng-fiction;1859;PDF Regression top 5000 types;1.0414280279546029
eng-fiction;1860;Clauset top 5000 types;1.2134895024448633
eng-fiction;1860;PDF Regression top 5000 types;1.0465370724350769
eng-fiction;1861;Clauset top 5000 types;1.2134806609898805
eng-fiction;1861;PDF Regression top 5000 types;1.0629851624783628
eng-fiction;1862;Clauset top 5000 types;1.2139507316797973
eng-fiction;1862;PDF Regression top 5000 types;1.0728377412630565
eng-fiction;1863;Clauset top 5000 types;1.2135350493341686
eng-fiction;1863;PDF Regression top 5000 types;1.0699351331700304
eng-fiction;1864;Clauset top 5000 types;1.2133262034505605
eng-fiction;1864;PDF Regression top 5000 types;1.0642975137687052
eng-fiction;1865;Clauset top 5000 types;1.214201105609536
eng-fiction;1865;PDF Regression top 5000 types;1.0609929076513924
eng-fiction;1866;Clauset top 5000 types;1.2135422832518816
eng-fiction;1866;PDF Regression top 5000 types;1.0770896298012627
eng-fiction;1867;Clauset top 5000 types;1.2137806006520988
eng-fiction;1867;PDF Regression top 5000 types;1.05926743744026
eng-fiction;1868;Clauset top 5000 types;1.214126087203622
eng-fiction;1868;PDF Regression top 5000 types;1.079388822159216
eng-fiction;1869;Clauset top 5000 types;1.2137594347447158
eng-fiction;1869;PDF Regression top 5000 types;1.0695053414752822
eng-fiction;1870;Clauset top 5000 types;1.2139318431168793
eng-fiction;1870;PDF Regression top 5000 types;1.0650890046389025
eng-fiction;1871;Clauset top 5000 types;1.2139609127491713
eng-fiction;1871;PDF Regression top 5000 types;1.055472506101963
eng-fiction;1872;Clauset top 5000 types;1.2131342367082834
eng-fiction;1872;PDF Regression top 5000 types;1.0514410812497643
eng-fiction;1873;Clauset top 5000 types;1.213060022071004
eng-fiction;1873;PDF Regression top 5000 types;1.0756072827595742
eng-fiction;1874;Clauset top 5000 types;1.2138879037648438
eng-fiction;1874;PDF Regression top 5000 types;1.054234518873963
eng-fiction;1875;Clauset top 5000 types;1.2134503857046366
eng-fiction;1875;PDF Regression top 5000 types;1.0478232622323351
eng-fiction;1876;Clauset top 5000 types;1.213085340783
eng-fiction;1876;PDF Regression top 5000 types;1.059443236919266
eng-fiction;1877;Clauset top 5000 types;1.2134503857046366
eng-fiction;1877;PDF Regression top 5000 types;1.070208425556768
eng-fiction;1878;Clauset top 5000 types;1.2130707389861346
eng-fiction;1878;PDF Regression top 5000 types;1.0409908640384464
eng-fiction;1879;Clauset top 5000 types;1.213492047712207
eng-fiction;1879;PDF Regression top 5000 types;1.0495789338012835
eng-fiction;1880;Clauset top 5000 types;1.2139225997775793
eng-fiction;1880;PDF Regression top 5000 types;1.0636858599037575
eng-fiction;1881;Clauset top 5000 types;1.214848005399108
eng-fiction;1881;PDF Regression top 5000 types;1.0583587003633625
eng-fiction;1882;Clauset top 5000 types;1.2138073929399253
eng-fiction;1882;PDF Regression top 5000 types;1.0567550147180942
eng-fiction;1883;Clauset top 5000 types;1.2134323009103536
eng-fiction;1883;PDF Regression top 5000 types;1.0412898544454987
eng-fiction;1884;Clauset top 5000 types;1.213443553671241
eng-fiction;1884;PDF Regression top 5000 types;1.0592220944229378
eng-fiction;1885;Clauset top 5000 types;1.212874351516366
eng-fiction;1885;PDF Regression top 5000 types;1.0509428692077083
eng-fiction;1886;Clauset top 5000 types;1.2124995274096728
eng-fiction;1886;PDF Regression top 5000 types;1.0607481854395422
eng-fiction;1887;Clauset top 5000 types;1.2130961916595697
eng-fiction;1887;PDF Regression top 5000 types;1.057295424116263
eng-fiction;1888;Clauset top 5000 types;1.2130527881532909
eng-fiction;1888;PDF Regression top 5000 types;1.069426805186979
eng-fiction;1889;Clauset top 5000 types;1.2138028382509949
eng-fiction;1889;PDF Regression top 5000 types;1.0695567310274021
eng-fiction;1890;Clauset top 5000 types;1.2136071205884218
eng-fiction;1890;PDF Regression top 5000 types;1.0529774105025713
eng-fiction;1891;Clauset top 5000 types;1.2135646548122168
eng-fiction;1891;PDF Regression top 5000 types;1.0569604347284645
eng-fiction;1892;Clauset top 5000 types;1.2133808597177267
eng-fiction;1892;PDF Regression top 5000 types;1.0608323950996834
eng-fiction;1893;Clauset top 5000 types;1.2134821345657112
eng-fiction;1893;PDF Regression top 5000 types;1.0730219881064418
eng-fiction;1894;Clauset top 5000 types;1.214189852848649
eng-fiction;1894;PDF Regression top 5000 types;1.0748605391606936
eng-fiction;1895;Clauset top 5000 types;1.2150012572854758
eng-fiction;1895;PDF Regression top 5000 types;1.0804348951539682
eng-fiction;1896;Clauset top 5000 types;1.2142162432521582
eng-fiction;1896;PDF Regression top 5000 types;1.0784386812640996
eng-fiction;1897;Clauset top 5000 types;1.2146887252479792
eng-fiction;1897;PDF Regression top 5000 types;1.0711494531829437
eng-fiction;1898;Clauset top 5000 types;1.2149636141210796
eng-fiction;1898;PDF Regression top 5000 types;1.078904680586675
eng-fiction;1899;Clauset top 5000 types;1.2137633196264508
eng-fiction;1899;PDF Regression top 5000 types;1.0834573626792456
eng-fiction;1900;Clauset top 5000 types;1.21468551017344
eng-fiction;1900;PDF Regression top 5000 types;1.0838047124599592
eng-fiction;1901;Clauset top 5000 types;1.214305729493499
eng-fiction;1901;PDF Regression top 5000 types;1.0865900262472898
eng-fiction;1902;Clauset top 5000 types;1.213667805120349
eng-fiction;1902;PDF Regression top 5000 types;1.061973229174758
eng-fiction;1903;Clauset top 5000 types;1.2137781893461945
eng-fiction;1903;PDF Regression top 5000 types;1.0705337895127633
eng-fiction;1904;Clauset top 5000 types;1.2134006860107183
eng-fiction;1904;PDF Regression top 5000 types;1.0726437464505665
eng-fiction;1905;Clauset top 5000 types;1.213053859844804
eng-fiction;1905;PDF Regression top 5000 types;1.0719794748750773
eng-fiction;1906;Clauset top 5000 types;1.2138104740530253
eng-fiction;1906;PDF Regression top 5000 types;1.0797321343308515
eng-fiction;1907;Clauset top 5000 types;1.2138741057366134
eng-fiction;1907;PDF Regression top 5000 types;1.0754858335776234
eng-fiction;1908;Clauset top 5000 types;1.213180051520467
eng-fiction;1908;PDF Regression top 5000 types;1.078748844707835
eng-fiction;1909;Clauset top 5000 types;1.2138690152019265
eng-fiction;1909;PDF Regression top 5000 types;1.077644693001682
eng-fiction;1910;Clauset top 5000 types;1.213247702047229
eng-fiction;1910;PDF Regression top 5000 types;1.0796030760360142
eng-fiction;1911;Clauset top 5000 types;1.2129157456010582
eng-fiction;1911;PDF Regression top 5000 types;1.0682970184195515
eng-fiction;1912;Clauset top 5000 types;1.212741863653064
eng-fiction;1912;PDF Regression top 5000 types;1.041584526912563
eng-fiction;1913;Clauset top 5000 types;1.2134992816299202
eng-fiction;1913;PDF Regression top 5000 types;1.0858581561234462
eng-fiction;1914;Clauset top 5000 types;1.2131805873662234
eng-fiction;1914;PDF Regression top 5000 types;1.0680518521656464
eng-fiction;1915;Clauset top 5000 types;1.212722841128707
eng-fiction;1915;PDF Regression top 5000 types;1.0847274712338866
eng-fiction;1916;Clauset top 5000 types;1.2129829942435029
eng-fiction;1916;PDF Regression top 5000 types;1.0766107699301666
eng-fiction;1917;Clauset top 5000 types;1.2132284115999938
eng-fiction;1917;PDF Regression top 5000 types;1.092869220886684
eng-fiction;1918;Clauset top 5000 types;1.2123809715360403
eng-fiction;1918;PDF Regression top 5000 types;1.07540891315581
eng-fiction;1919;Clauset top 5000 types;1.2137337141484024
eng-fiction;1919;PDF Regression top 5000 types;1.087409609497569
eng-fiction;1920;Clauset top 5000 types;1.2133292845636607
eng-fiction;1920;PDF Regression top 5000 types;1.0871808000543357
eng-fiction;1921;Clauset top 5000 types;1.2126474208384754
eng-fiction;1921;PDF Regression top 5000 types;1.0669889095046088
eng-fiction;1922;Clauset top 5000 types;1.2130179581791163
eng-fiction;1922;PDF Regression top 5000 types;1.08769268817285
eng-fiction;1923;Clauset top 5000 types;1.2135491152852773
eng-fiction;1923;PDF Regression top 5000 types;1.0843579167220736
eng-fiction;1924;Clauset top 5000 types;1.2132829339057207
eng-fiction;1924;PDF Regression top 5000 types;1.078070327850556
eng-fiction;1925;Clauset top 5000 types;1.2139345223456621
eng-fiction;1925;PDF Regression top 5000 types;1.0883980400398294
eng-fiction;1926;Clauset top 5000 types;1.2129445473104716
eng-fiction;1926;PDF Regression top 5000 types;1.0860261813687533
eng-fiction;1927;Clauset top 5000 types;1.213493253365159
eng-fiction;1927;PDF Regression top 5000 types;1.0828554578283036
eng-fiction;1928;Clauset top 5000 types;1.2132393964380026
eng-fiction;1928;PDF Regression top 5000 types;1.0834378610883981
eng-fiction;1929;Clauset top 5000 types;1.2127077034860851
eng-fiction;1929;PDF Regression top 5000 types;1.0918063726724963
eng-fiction;1930;Clauset top 5000 types;1.2133244619518517
eng-fiction;1930;PDF Regression top 5000 types;1.0858482270101084
eng-fiction;1931;Clauset top 5000 types;1.213043946698308
eng-fiction;1931;PDF Regression top 5000 types;1.0834322062980974
eng-fiction;1932;Clauset top 5000 types;1.213074088022113
eng-fiction;1932;PDF Regression top 5000 types;1.0833062936105604
eng-fiction;1933;Clauset top 5000 types;1.2122519666701554
eng-fiction;1933;PDF Regression top 5000 types;1.0863155396771385
eng-fiction;1934;Clauset top 5000 types;1.2132426115125419
eng-fiction;1934;PDF Regression top 5000 types;1.08601327668547
eng-fiction;1935;Clauset top 5000 types;1.2128759590536355
eng-fiction;1935;PDF Regression top 5000 types;1.0981549276413434
eng-fiction;1936;Clauset top 5000 types;1.212705560103059
eng-fiction;1936;PDF Regression top 5000 types;1.093670821661155
eng-fiction;1937;Clauset top 5000 types;1.2134201104193925
eng-fiction;1937;PDF Regression top 5000 types;1.0978337768979833
eng-fiction;1938;Clauset top 5000 types;1.2124093713611366
eng-fiction;1938;PDF Regression top 5000 types;1.092646962667192
eng-fiction;1939;Clauset top 5000 types;1.2122590666264295
eng-fiction;1939;PDF Regression top 5000 types;1.0827059653811402
eng-fiction;1940;Clauset top 5000 types;1.212267774119973
eng-fiction;1940;PDF Regression top 5000 types;1.0885239744007058
eng-fiction;1941;Clauset top 5000 types;1.2122104386240244
eng-fiction;1941;PDF Regression top 5000 types;1.078351625643163
eng-fiction;1942;Clauset top 5000 types;1.2118917443603276
eng-fiction;1942;PDF Regression top 5000 types;1.0978272201619075
eng-fiction;1943;Clauset top 5000 types;1.212618753090501
eng-fiction;1943;PDF Regression top 5000 types;1.092081962325508
eng-fiction;1944;Clauset top 5000 types;1.212857204452157
eng-fiction;1944;PDF Regression top 5000 types;1.1004236291992735
eng-fiction;1945;Clauset top 5000 types;1.2126578698307278
eng-fiction;1945;PDF Regression top 5000 types;1.102850610404969
eng-fiction;1946;Clauset top 5000 types;1.2131424083560705
eng-fiction;1946;PDF Regression top 5000 types;1.1011279617853549
eng-fiction;1947;Clauset top 5000 types;1.212676222547889
eng-fiction;1947;PDF Regression top 5000 types;1.0899995111518366
eng-fiction;1948;Clauset top 5000 types;1.2132261342555286
eng-fiction;1948;PDF Regression top 5000 types;1.0953106682240432
eng-fiction;1949;Clauset top 5000 types;1.2124939010292293
eng-fiction;1949;PDF Regression top 5000 types;1.0841771887195546
eng-fiction;1950;Clauset top 5000 types;1.2132807905226946
eng-fiction;1950;PDF Regression top 5000 types;1.098705826843462
eng-fiction;1951;Clauset top 5000 types;1.2131420064717529
eng-fiction;1951;PDF Regression top 5000 types;1.1065030319534017
eng-fiction;1952;Clauset top 5000 types;1.2132929810136557
eng-fiction;1952;PDF Regression top 5000 types;1.085271176454564
eng-fiction;1953;Clauset top 5000 types;1.2129243191331627
eng-fiction;1953;PDF Regression top 5000 types;1.1034954114147515
eng-fiction;1954;Clauset top 5000 types;1.2128917665034535
eng-fiction;1954;PDF Regression top 5000 types;1.0927156183155264
eng-fiction;1955;Clauset top 5000 types;1.2125240423530341
eng-fiction;1955;PDF Regression top 5000 types;1.0930669377743456
eng-fiction;1956;Clauset top 5000 types;1.213044884428382
eng-fiction;1956;PDF Regression top 5000 types;1.0982947664249472
eng-fiction;1957;Clauset top 5000 types;1.212809782102704
eng-fiction;1957;PDF Regression top 5000 types;1.0926659306661086
eng-fiction;1958;Clauset top 5000 types;1.2124334844201803
eng-fiction;1958;PDF Regression top 5000 types;1.0877494205128495
eng-fiction;1959;Clauset top 5000 types;1.2121583276242018
eng-fiction;1959;PDF Regression top 5000 types;1.0732785960666245
eng-fiction;1960;Clauset top 5000 types;1.2126412586122755
eng-fiction;1960;PDF Regression top 5000 types;1.0871817255399208
eng-fiction;1961;Clauset top 5000 types;1.212429063692689
eng-fiction;1961;PDF Regression top 5000 types;1.075536532026473
eng-fiction;1962;Clauset top 5000 types;1.212393697872758
eng-fiction;1962;PDF Regression top 5000 types;1.0781663572803377
eng-fiction;1963;Clauset top 5000 types;1.2126064286381006
eng-fiction;1963;PDF Regression top 5000 types;1.0733802081652164
eng-fiction;1964;Clauset top 5000 types;1.212396778985858
eng-fiction;1964;PDF Regression top 5000 types;1.0694616980350662
eng-fiction;1965;Clauset top 5000 types;1.212165561541915
eng-fiction;1965;PDF Regression top 5000 types;1.0647765274420786
eng-fiction;1966;Clauset top 5000 types;1.2122913513332605
eng-fiction;1966;PDF Regression top 5000 types;1.068841318276748
eng-fiction;1967;Clauset top 5000 types;1.2121974443644288
eng-fiction;1967;PDF Regression top 5000 types;1.0626098039237513
eng-fiction;1968;Clauset top 5000 types;1.2120593301206828
eng-fiction;1968;PDF Regression top 5000 types;1.0651284740299674
eng-fiction;1969;Clauset top 5000 types;1.2120453981310129
eng-fiction;1969;PDF Regression top 5000 types;1.0678663897383975
eng-fiction;1970;Clauset top 5000 types;1.2121773501485587
eng-fiction;1970;PDF Regression top 5000 types;1.0689677166985416
eng-fiction;1971;Clauset top 5000 types;1.2117995788902045
eng-fiction;1971;PDF Regression top 5000 types;1.0663671707858597
eng-fiction;1972;Clauset top 5000 types;1.2119170630723235
eng-fiction;1972;PDF Regression top 5000 types;1.0651691344610494
eng-fiction;1973;Clauset top 5000 types;1.211459986642003
eng-fiction;1973;PDF Regression top 5000 types;1.068615102959877
eng-fiction;1974;Clauset top 5000 types;1.2118357484787703
eng-fiction;1974;PDF Regression top 5000 types;1.0691200104891891
eng-fiction;1975;Clauset top 5000 types;1.2113376798480748
eng-fiction;1975;PDF Regression top 5000 types;1.066223483477058
eng-fiction;1976;Clauset top 5000 types;1.2113291063159703
eng-fiction;1976;PDF Regression top 5000 types;1.0683850567286406
eng-fiction;1977;Clauset top 5000 types;1.2112540879100562
eng-fiction;1977;PDF Regression top 5000 types;1.0680049170504031
eng-fiction;1978;Clauset top 5000 types;1.210887569412589
eng-fiction;1978;PDF Regression top 5000 types;1.0720116280501693
eng-fiction;1979;Clauset top 5000 types;1.210794868096709
eng-fiction;1979;PDF Regression top 5000 types;1.069910826510823
eng-fiction;1980;Clauset top 5000 types;1.2110519400984048
eng-fiction;1980;PDF Regression top 5000 types;1.0780755530490902
eng-fiction;1981;Clauset top 5000 types;1.2111367376893756
eng-fiction;1981;PDF Regression top 5000 types;1.083322116095582
eng-fiction;1982;Clauset top 5000 types;1.2108677431195973
eng-fiction;1982;PDF Regression top 5000 types;1.0785011219308116
eng-fiction;1983;Clauset top 5000 types;1.2107631192356347
eng-fiction;1983;PDF Regression top 5000 types;1.0815114724504942
eng-fiction;1984;Clauset top 5000 types;1.2106626481562852
eng-fiction;1984;PDF Regression top 5000 types;1.0804482707700411
eng-fiction;1985;Clauset top 5000 types;1.210862518623471
eng-fiction;1985;PDF Regression top 5000 types;1.0881888344818074
eng-fiction;1986;Clauset top 5000 types;1.2108570262044667
eng-fiction;1986;PDF Regression top 5000 types;1.088746266712076
eng-fiction;1987;Clauset top 5000 types;1.2105861561745406
eng-fiction;1987;PDF Regression top 5000 types;1.0802565168023741
eng-fiction;1988;Clauset top 5000 types;1.2103870894759894
eng-fiction;1988;PDF Regression top 5000 types;1.0819774299785767
eng-fiction;1989;Clauset top 5000 types;1.210540073439479
eng-fiction;1989;PDF Regression top 5000 types;1.0885674189608268
eng-fiction;1990;Clauset top 5000 types;1.2103439538925886
eng-fiction;1990;PDF Regression top 5000 types;1.0853381827874147
eng-fiction;1991;Clauset top 5000 types;1.210493856742978
eng-fiction;1991;PDF Regression top 5000 types;1.0887329586691024
eng-fiction;1992;Clauset top 5000 types;1.210378649905324
eng-fiction;1992;PDF Regression top 5000 types;1.0875459752287073
eng-fiction;1993;Clauset top 5000 types;1.2102551374584434
eng-fiction;1993;PDF Regression top 5000 types;1.0881928612994964
eng-fiction;1994;Clauset top 5000 types;1.2102495110779998
eng-fiction;1994;PDF Regression top 5000 types;1.088253171964452
eng-fiction;1995;Clauset top 5000 types;1.210098402574658
eng-fiction;1995;PDF Regression top 5000 types;1.0854277634816585
eng-fiction;1996;Clauset top 5000 types;1.2099581449478864
eng-fiction;1996;PDF Regression top 5000 types;1.0821332419450043
eng-fiction;1997;Clauset top 5000 types;1.2098977283388377
eng-fiction;1997;PDF Regression top 5000 types;1.0836968956496815
eng-fiction;1998;Clauset top 5000 types;1.209955733641982
eng-fiction;1998;PDF Regression top 5000 types;1.0812306409344172
eng-fiction;1999;Clauset top 5000 types;1.2099171527475119
eng-fiction;1999;PDF Regression top 5000 types;1.0809815029371652
eng-fiction;2000;Clauset top 5000 types;1.2097716706246138
eng-fiction;2000;PDF Regression top 5000 types;1.085370066198982
eng-fiction;2001;Clauset top 5000 types;1.2101541305333374
eng-fiction;2001;PDF Regression top 5000 types;1.09333061464776
eng-fiction;2002;Clauset top 5000 types;1.2099933768063782
eng-fiction;2002;PDF Regression top 5000 types;1.1001002179939792
eng-fiction;2003;Clauset top 5000 types;1.2102253980189561
eng-fiction;2003;PDF Regression top 5000 types;1.0988219921894598
eng-fiction;2004;Clauset top 5000 types;1.210803843513131
eng-fiction;2004;PDF Regression top 5000 types;1.099567147770669
eng-fiction;2005;Clauset top 5000 types;1.2104807285219432
eng-fiction;2005;PDF Regression top 5000 types;1.1028923224526272
eng-fiction;2006;Clauset top 5000 types;1.2107844191044568
eng-fiction;2006;PDF Regression top 5000 types;1.1002915182173543
eng-fiction;2007;Clauset top 5000 types;1.2115725142508744
eng-fiction;2007;PDF Regression top 5000 types;1.1005536799571656
eng-fiction;2008;Clauset top 5000 types;1.2123149285465478
eng-fiction;2008;PDF Regression top 5000 types;1.1009423011769708
eng-fiction;2009;Clauset top 5000 types;1.211419530287385
eng-fiction;2009;PDF Regression top 5000 types;1.1009798172914453
eng-gb;1524;Clauset top 5000 types;1.2007646393030882
eng-gb;1524;PDF Regression top 5000 types;1.0030846927204453
eng-gb;1533;Clauset top 5000 types;1.217115570679307
eng-gb;1533;PDF Regression top 5000 types;1.1414644087720014
eng-gb;1539;Clauset top 5000 types;1.214011014327407
eng-gb;1539;PDF Regression top 5000 types;0.9041285441283051
eng-gb;1541;Clauset top 5000 types;1.2113283025473356
eng-gb;1541;PDF Regression top 5000 types;0.7519058300172718
eng-gb;1547;Clauset top 5000 types;1.1846188028901812
eng-gb;1547;PDF Regression top 5000 types;0.9205657853379637
eng-gb;1550;Clauset top 5000 types;1.2070384553819895
eng-gb;1550;PDF Regression top 5000 types;0.982819782890155
eng-gb;1551;Clauset top 5000 types;1.2100769687443969
eng-gb;1551;PDF Regression top 5000 types;1.0714526472321668
eng-gb;1562;Clauset top 5000 types;1.1926468440145253
eng-gb;1562;PDF Regression top 5000 types;1.0413017226534196
eng-gb;1564;Clauset top 5000 types;1.1932302460819482
eng-gb;1564;PDF Regression top 5000 types;1.027955055506696
eng-gb;1565;Clauset top 5000 types;1.2173045902699233
eng-gb;1565;PDF Regression top 5000 types;1.118555104912149
eng-gb;1566;Clauset top 5000 types;1.216855283603072
eng-gb;1566;PDF Regression top 5000 types;1.114490221039307
eng-gb;1567;Clauset top 5000 types;1.1953978761285544
eng-gb;1567;PDF Regression top 5000 types;1.0576908646217897
eng-gb;1568;Clauset top 5000 types;1.2182720597833394
eng-gb;1568;PDF Regression top 5000 types;1.0853434541727078
eng-gb;1574;Clauset top 5000 types;1.198320378884673
eng-gb;1574;PDF Regression top 5000 types;1.0236404701624329
eng-gb;1575;Clauset top 5000 types;1.2042276764661073
eng-gb;1575;PDF Regression top 5000 types;1.0832923893061703
eng-gb;1576;Clauset top 5000 types;1.1937500164657828
eng-gb;1576;PDF Regression top 5000 types;0.8300003264566561
eng-gb;1577;Clauset top 5000 types;1.1934618654102087
eng-gb;1577;PDF Regression top 5000 types;0.909314438811036
eng-gb;1578;Clauset top 5000 types;1.1938144519180058
eng-gb;1578;PDF Regression top 5000 types;1.089371223188844
eng-gb;1579;Clauset top 5000 types;1.2003102421015501
eng-gb;1579;PDF Regression top 5000 types;0.9558420219086847
eng-gb;1580;Clauset top 5000 types;1.2183080954104661
eng-gb;1580;PDF Regression top 5000 types;0.9054125522853675
eng-gb;1581;Clauset top 5000 types;1.213205370232463
eng-gb;1581;PDF Regression top 5000 types;1.0621052863339524
eng-gb;1582;Clauset top 5000 types;1.2036469536274672
eng-gb;1582;PDF Regression top 5000 types;0.9676474884498387
eng-gb;1583;Clauset top 5000 types;1.2033439328521491
eng-gb;1583;PDF Regression top 5000 types;0.6935844945781151
eng-gb;1584;Clauset top 5000 types;1.1972607439011338
eng-gb;1584;PDF Regression top 5000 types;0.9491528846788775
eng-gb;1586;Clauset top 5000 types;1.2100387897342442
eng-gb;1586;PDF Regression top 5000 types;1.0255596338346715
eng-gb;1587;Clauset top 5000 types;1.208763476833701
eng-gb;1587;PDF Regression top 5000 types;1.0900851556043256
eng-gb;1588;Clauset top 5000 types;1.2075264769047498
eng-gb;1588;PDF Regression top 5000 types;0.9891837313785224
eng-gb;1589;Clauset top 5000 types;1.215200457945466
eng-gb;1589;PDF Regression top 5000 types;1.0883545909779013
eng-gb;1590;Clauset top 5000 types;1.2060660292953256
eng-gb;1590;PDF Regression top 5000 types;1.12831105645885
eng-gb;1591;Clauset top 5000 types;1.195277444794774
eng-gb;1591;PDF Regression top 5000 types;1.0060287945763242
eng-gb;1592;Clauset top 5000 types;1.2038344996422532
eng-gb;1592;PDF Regression top 5000 types;1.0184146336108888
eng-gb;1593;Clauset top 5000 types;1.1980493748933074
eng-gb;1593;PDF Regression top 5000 types;1.049840398059882
eng-gb;1594;Clauset top 5000 types;1.192788977101445
eng-gb;1594;PDF Regression top 5000 types;1.0009274231137566
eng-gb;1595;Clauset top 5000 types;1.1977431390434503
eng-gb;1595;PDF Regression top 5000 types;1.0152886532540593
eng-gb;1596;Clauset top 5000 types;1.2082753213495017
eng-gb;1596;PDF Regression top 5000 types;1.0191605495924478
eng-gb;1597;Clauset top 5000 types;1.2028121059387922
eng-gb;1597;PDF Regression top 5000 types;1.0280187978969901
eng-gb;1598;Clauset top 5000 types;1.2055232175439596
eng-gb;1598;PDF Regression top 5000 types;1.0925249397444692
eng-gb;1599;Clauset top 5000 types;1.2062294622510672
eng-gb;1599;PDF Regression top 5000 types;1.0441263280484314
eng-gb;1600;Clauset top 5000 types;1.2100488368421791
eng-gb;1600;PDF Regression top 5000 types;1.0722325267362096
eng-gb;1602;Clauset top 5000 types;1.2111123567074535
eng-gb;1602;PDF Regression top 5000 types;1.0619524658094415
eng-gb;1603;Clauset top 5000 types;1.2103389973193406
eng-gb;1603;PDF Regression top 5000 types;1.0751410097312997
eng-gb;1604;Clauset top 5000 types;1.1963771342486145
eng-gb;1604;PDF Regression top 5000 types;1.029744637596016
eng-gb;1605;Clauset top 5000 types;1.2030225593596697
eng-gb;1605;PDF Regression top 5000 types;1.048750057727686
eng-gb;1606;Clauset top 5000 types;1.1997110325843094
eng-gb;1606;PDF Regression top 5000 types;0.9506525040105755
eng-gb;1607;Clauset top 5000 types;1.2068083096295592
eng-gb;1607;PDF Regression top 5000 types;1.0605339832140666
eng-gb;1608;Clauset top 5000 types;1.198405980244279
eng-gb;1608;PDF Regression top 5000 types;1.0707399580324495
eng-gb;1609;Clauset top 5000 types;1.2035057582706212
eng-gb;1609;PDF Regression top 5000 types;1.066156664385383
eng-gb;1610;Clauset top 5000 types;1.2120885337144136
eng-gb;1610;PDF Regression top 5000 types;1.1173031077012205
eng-gb;1611;Clauset top 5000 types;1.2086007136851549
eng-gb;1611;PDF Regression top 5000 types;1.0666710615909094
eng-gb;1612;Clauset top 5000 types;1.2112094787508247
eng-gb;1612;PDF Regression top 5000 types;1.0599916869224404
eng-gb;1613;Clauset top 5000 types;1.191769128665328
eng-gb;1613;PDF Regression top 5000 types;1.0101056545385778
eng-gb;1614;Clauset top 5000 types;1.2036232424527407
eng-gb;1614;PDF Regression top 5000 types;1.0023493012792746
eng-gb;1615;Clauset top 5000 types;1.2144466569274663
eng-gb;1615;PDF Regression top 5000 types;1.1000821138918635
eng-gb;1616;Clauset top 5000 types;1.2177359461039305
eng-gb;1616;PDF Regression top 5000 types;1.15673504523855
eng-gb;1617;Clauset top 5000 types;1.1865659324079754
eng-gb;1617;PDF Regression top 5000 types;0.947110539300929
eng-gb;1618;Clauset top 5000 types;1.2035956463962794
eng-gb;1618;PDF Regression top 5000 types;0.9893755400282497
eng-gb;1619;Clauset top 5000 types;1.2163937864452599
eng-gb;1619;PDF Regression top 5000 types;1.113898482026884
eng-gb;1620;Clauset top 5000 types;1.2128665817528963
eng-gb;1620;PDF Regression top 5000 types;1.0893425805146735
eng-gb;1621;Clauset top 5000 types;1.205695357993245
eng-gb;1621;PDF Regression top 5000 types;1.0709652723524135
eng-gb;1622;Clauset top 5000 types;1.1990021086484193
eng-gb;1622;PDF Regression top 5000 types;1.0916668120110813
eng-gb;1623;Clauset top 5000 types;1.2079945381730794
eng-gb;1623;PDF Regression top 5000 types;1.085891184763975
eng-gb;1624;Clauset top 5000 types;1.2157600148767231
eng-gb;1624;PDF Regression top 5000 types;1.1517011127445085
eng-gb;1625;Clauset top 5000 types;1.2141317135840655
eng-gb;1625;PDF Regression top 5000 types;1.021239845018917
eng-gb;1626;Clauset top 5000 types;1.199482226446271
eng-gb;1626;PDF Regression top 5000 types;1.0762209805478808
eng-gb;1627;Clauset top 5000 types;1.2071523226052523
eng-gb;1627;PDF Regression top 5000 types;1.0279326355134075
eng-gb;1628;Clauset top 5000 types;1.2162303534895182
eng-gb;1628;PDF Regression top 5000 types;1.1144403912078453
eng-gb;1629;Clauset top 5000 types;1.2145065376907584
eng-gb;1629;PDF Regression top 5000 types;1.08821792001349
eng-gb;1630;Clauset top 5000 types;1.2123488207906485
eng-gb;1630;PDF Regression top 5000 types;1.0957042184241172
eng-gb;1631;Clauset top 5000 types;1.2107124818116426
eng-gb;1631;PDF Regression top 5000 types;1.081571984907128
eng-gb;1632;Clauset top 5000 types;1.215179292038083
eng-gb;1632;PDF Regression top 5000 types;1.0852721617104892
eng-gb;1633;Clauset top 5000 types;1.2056984391063452
eng-gb;1633;PDF Regression top 5000 types;1.0638572968601752
eng-gb;1634;Clauset top 5000 types;1.2152407803386451
eng-gb;1634;PDF Regression top 5000 types;1.154372965226302
eng-gb;1635;Clauset top 5000 types;1.2130424731224776
eng-gb;1635;PDF Regression top 5000 types;1.0371228447946503
eng-gb;1636;Clauset top 5000 types;1.2124719313532115
eng-gb;1636;PDF Regression top 5000 types;1.10608926803548
eng-gb;1637;Clauset top 5000 types;1.2115604577213526
eng-gb;1637;PDF Regression top 5000 types;1.0964190274524097
eng-gb;1638;Clauset top 5000 types;1.2093869333714247
eng-gb;1638;PDF Regression top 5000 types;1.0349911351988417
eng-gb;1639;Clauset top 5000 types;1.2120412453263998
eng-gb;1639;PDF Regression top 5000 types;1.1414182926271945
eng-gb;1640;Clauset top 5000 types;1.213383271023631
eng-gb;1640;PDF Regression top 5000 types;1.121924394967524
eng-gb;1641;Clauset top 5000 types;1.2132384587079286
eng-gb;1641;PDF Regression top 5000 types;1.0687568436109751
eng-gb;1642;Clauset top 5000 types;1.214077727124095
eng-gb;1642;PDF Regression top 5000 types;1.0844579876464826
eng-gb;1643;Clauset top 5000 types;1.2143945459276437
eng-gb;1643;PDF Regression top 5000 types;1.1094878692018169
eng-gb;1644;Clauset top 5000 types;1.2138414191454652
eng-gb;1644;PDF Regression top 5000 types;1.1009181450847798
eng-gb;1645;Clauset top 5000 types;1.215915945991874
eng-gb;1645;PDF Regression top 5000 types;1.0792578181678376
eng-gb;1646;Clauset top 5000 types;1.215102264210582
eng-gb;1646;PDF Regression top 5000 types;1.1192471512757693
eng-gb;1647;Clauset top 5000 types;1.2136566863209008
eng-gb;1647;PDF Regression top 5000 types;1.0702238931913755
eng-gb;1648;Clauset top 5000 types;1.2161206390708685
eng-gb;1648;PDF Regression top 5000 types;1.0762557711774097
eng-gb;1649;Clauset top 5000 types;1.2184391096979381
eng-gb;1649;PDF Regression top 5000 types;1.061953331216837
eng-gb;1650;Clauset top 5000 types;1.2175885885208846
eng-gb;1650;PDF Regression top 5000 types;1.1206985145500208
eng-gb;1651;Clauset top 5000 types;1.2181272474676372
eng-gb;1651;PDF Regression top 5000 types;1.1407731591687877
eng-gb;1652;Clauset top 5000 types;1.2180440574139357
eng-gb;1652;PDF Regression top 5000 types;1.105946943814693
eng-gb;1653;Clauset top 5000 types;1.2166122775524855
eng-gb;1653;PDF Regression top 5000 types;1.0793519220937045
eng-gb;1654;Clauset top 5000 types;1.2116202045232056
eng-gb;1654;PDF Regression top 5000 types;1.108735230932766
eng-gb;1655;Clauset top 5000 types;1.2154766864329576
eng-gb;1655;PDF Regression top 5000 types;1.0719559733312423
eng-gb;1656;Clauset top 5000 types;1.2132202399522065
eng-gb;1656;PDF Regression top 5000 types;1.100370650860688
eng-gb;1657;Clauset top 5000 types;1.2143398896604778
eng-gb;1657;PDF Regression top 5000 types;1.0780431153461398
eng-gb;1658;Clauset top 5000 types;1.216189629212022
eng-gb;1658;PDF Regression top 5000 types;1.1034649059703607
eng-gb;1659;Clauset top 5000 types;1.2153440646082163
eng-gb;1659;PDF Regression top 5000 types;1.0967351931684775
eng-gb;1660;Clauset top 5000 types;1.2159931077808144
eng-gb;1660;PDF Regression top 5000 types;1.1159846475217474
eng-gb;1661;Clauset top 5000 types;1.2140821478515864
eng-gb;1661;PDF Regression top 5000 types;1.0915597942490578
eng-gb;1662;Clauset top 5000 types;1.213023718520999
eng-gb;1662;PDF Regression top 5000 types;1.0713751687885902
eng-gb;1663;Clauset top 5000 types;1.2075743011385203
eng-gb;1663;PDF Regression top 5000 types;1.0545216971809575
eng-gb;1664;Clauset top 5000 types;1.2106688103824852
eng-gb;1664;PDF Regression top 5000 types;1.059233560316098
eng-gb;1665;Clauset top 5000 types;1.213838204070926
eng-gb;1665;PDF Regression top 5000 types;1.0521823212090626
eng-gb;1666;Clauset top 5000 types;1.2172323850542306
eng-gb;1666;PDF Regression top 5000 types;1.1112433146200749
eng-gb;1667;Clauset top 5000 types;1.2154774902015923
eng-gb;1667;PDF Regression top 5000 types;1.1292221606808057
eng-gb;1668;Clauset top 5000 types;1.2166018285602331
eng-gb;1668;PDF Regression top 5000 types;1.0767307350407926
eng-gb;1669;Clauset top 5000 types;1.2178846433013677
eng-gb;1669;PDF Regression top 5000 types;1.0895322594334211
eng-gb;1670;Clauset top 5000 types;1.2178815621882677
eng-gb;1670;PDF Regression top 5000 types;1.1207224168333965
eng-gb;1671;Clauset top 5000 types;1.2141108155995606
eng-gb;1671;PDF Regression top 5000 types;1.0939918484385258
eng-gb;1672;Clauset top 5000 types;1.2097164785116912
eng-gb;1672;PDF Regression top 5000 types;1.072067017939475
eng-gb;1673;Clauset top 5000 types;1.2048184464126825
eng-gb;1673;PDF Regression top 5000 types;1.0444518973983268
eng-gb;1674;Clauset top 5000 types;1.2148232225328686
eng-gb;1674;PDF Regression top 5000 types;1.0545303330198001
eng-gb;1675;Clauset top 5000 types;1.208962409570813
eng-gb;1675;PDF Regression top 5000 types;1.0780881565566842
eng-gb;1676;Clauset top 5000 types;1.2167544106394053
eng-gb;1676;PDF Regression top 5000 types;1.0910430780161728
eng-gb;1677;Clauset top 5000 types;1.2156311439722778
eng-gb;1677;PDF Regression top 5000 types;1.051595754040534
eng-gb;1678;Clauset top 5000 types;1.2194621732085942
eng-gb;1678;PDF Regression top 5000 types;1.0755197066883722
eng-gb;1679;Clauset top 5000 types;1.212095901593566
eng-gb;1679;PDF Regression top 5000 types;1.0450319540480453
eng-gb;1680;Clauset top 5000 types;1.2150521626323463
eng-gb;1680;PDF Regression top 5000 types;1.0670271393136144
eng-gb;1681;Clauset top 5000 types;1.2161028221994639
eng-gb;1681;PDF Regression top 5000 types;1.0830847077102774
eng-gb;1682;Clauset top 5000 types;1.2165199781209228
eng-gb;1682;PDF Regression top 5000 types;1.077916385684904
eng-gb;1683;Clauset top 5000 types;1.2185224337130784
eng-gb;1683;PDF Regression top 5000 types;1.079601072434891
eng-gb;1684;Clauset top 5000 types;1.2116282422095537
eng-gb;1684;PDF Regression top 5000 types;1.0303133387222325
eng-gb;1685;Clauset top 5000 types;1.2176240883022547
eng-gb;1685;PDF Regression top 5000 types;1.0485332089947985
eng-gb;1686;Clauset top 5000 types;1.2179520259052512
eng-gb;1686;PDF Regression top 5000 types;1.070103805077487
eng-gb;1687;Clauset top 5000 types;1.2169896469265222
eng-gb;1687;PDF Regression top 5000 types;1.081463998535915
eng-gb;1688;Clauset top 5000 types;1.2208283119648695
eng-gb;1688;PDF Regression top 5000 types;1.0933765574153258
eng-gb;1689;Clauset top 5000 types;1.2185458769649267
eng-gb;1689;PDF Regression top 5000 types;1.1126955831152565
eng-gb;1690;Clauset top 5000 types;1.213535451218486
eng-gb;1690;PDF Regression top 5000 types;1.0999299846918347
eng-gb;1691;Clauset top 5000 types;1.213503434434533
eng-gb;1691;PDF Regression top 5000 types;1.0600564971925588
eng-gb;1692;Clauset top 5000 types;1.2150944944471123
eng-gb;1692;PDF Regression top 5000 types;1.1146407922144335
eng-gb;1693;Clauset top 5000 types;1.218653180077672
eng-gb;1693;PDF Regression top 5000 types;1.0823647198793425
eng-gb;1694;Clauset top 5000 types;1.217708484008908
eng-gb;1694;PDF Regression top 5000 types;1.1162431945009275
eng-gb;1695;Clauset top 5000 types;1.2145397601276635
eng-gb;1695;PDF Regression top 5000 types;1.1226378481257173
eng-gb;1696;Clauset top 5000 types;1.2157987297326327
eng-gb;1696;PDF Regression top 5000 types;1.0582079512124931
eng-gb;1697;Clauset top 5000 types;1.2194160904735327
eng-gb;1697;PDF Regression top 5000 types;1.1063444347139613
eng-gb;1698;Clauset top 5000 types;1.2175532227009536
eng-gb;1698;PDF Regression top 5000 types;1.059682803910289
eng-gb;1699;Clauset top 5000 types;1.2173127619177104
eng-gb;1699;PDF Regression top 5000 types;1.0742989926203101
eng-gb;1700;Clauset top 5000 types;1.215461816713214
eng-gb;1700;PDF Regression top 5000 types;1.0561461255827505
eng-gb;1701;Clauset top 5000 types;1.213855619058013
eng-gb;1701;PDF Regression top 5000 types;1.0684688626700718
eng-gb;1702;Clauset top 5000 types;1.2157129944115876
eng-gb;1702;PDF Regression top 5000 types;1.054212837869628
eng-gb;1703;Clauset top 5000 types;1.2148845768719911
eng-gb;1703;PDF Regression top 5000 types;1.0773855455020431
eng-gb;1704;Clauset top 5000 types;1.2171934022754431
eng-gb;1704;PDF Regression top 5000 types;1.0553835091003727
eng-gb;1705;Clauset top 5000 types;1.2162389270216227
eng-gb;1705;PDF Regression top 5000 types;1.0611530450435769
eng-gb;1706;Clauset top 5000 types;1.2163698073476552
eng-gb;1706;PDF Regression top 5000 types;1.068654622147463
eng-gb;1707;Clauset top 5000 types;1.2164295541495085
eng-gb;1707;PDF Regression top 5000 types;1.0618029756962035
eng-gb;1708;Clauset top 5000 types;1.2161511822789906
eng-gb;1708;PDF Regression top 5000 types;1.0589777817605175
eng-gb;1709;Clauset top 5000 types;1.2078261486440895
eng-gb;1709;PDF Regression top 5000 types;1.0698825346284493
eng-gb;1710;Clauset top 5000 types;1.2133816634863615
eng-gb;1710;PDF Regression top 5000 types;1.0576778835696223
eng-gb;1711;Clauset top 5000 types;1.2158552614599467
eng-gb;1711;PDF Regression top 5000 types;1.058964492752076
eng-gb;1712;Clauset top 5000 types;1.215333883538842
eng-gb;1712;PDF Regression top 5000 types;1.060423824725754
eng-gb;1713;Clauset top 5000 types;1.2146000427752732
eng-gb;1713;PDF Regression top 5000 types;1.0620867553202724
eng-gb;1714;Clauset top 5000 types;1.2152778876572845
eng-gb;1714;PDF Regression top 5000 types;1.0672411734742373
eng-gb;1715;Clauset top 5000 types;1.216924005821347
eng-gb;1715;PDF Regression top 5000 types;1.055860142569664
eng-gb;1716;Clauset top 5000 types;1.2108655997365712
eng-gb;1716;PDF Regression top 5000 types;1.0318337170844682
eng-gb;1717;Clauset top 5000 types;1.216438261643052
eng-gb;1717;PDF Regression top 5000 types;1.064114615367817
eng-gb;1718;Clauset top 5000 types;1.2128663138300182
eng-gb;1718;PDF Regression top 5000 types;1.0340873080129396
eng-gb;1719;Clauset top 5000 types;1.2148512204736472
eng-gb;1719;PDF Regression top 5000 types;1.0579764679317973
eng-gb;1720;Clauset top 5000 types;1.2154829826205968
eng-gb;1720;PDF Regression top 5000 types;1.052724593951816
eng-gb;1721;Clauset top 5000 types;1.2138297645002605
eng-gb;1721;PDF Regression top 5000 types;1.0366684364477594
eng-gb;1722;Clauset top 5000 types;1.2153606758266688
eng-gb;1722;PDF Regression top 5000 types;1.052180411854276
eng-gb;1723;Clauset top 5000 types;1.2143811497837305
eng-gb;1723;PDF Regression top 5000 types;1.038593211236463
eng-gb;1724;Clauset top 5000 types;1.2160267321020366
eng-gb;1724;PDF Regression top 5000 types;1.047096178498273
eng-gb;1725;Clauset top 5000 types;1.2160452187806368
eng-gb;1725;PDF Regression top 5000 types;1.0374044859656744
eng-gb;1726;Clauset top 5000 types;1.2155775593966245
eng-gb;1726;PDF Regression top 5000 types;1.0256682866334672
eng-gb;1727;Clauset top 5000 types;1.2168598382920026
eng-gb;1727;PDF Regression top 5000 types;1.0459010304616034
eng-gb;1728;Clauset top 5000 types;1.2159424703568222
eng-gb;1728;PDF Regression top 5000 types;1.0364869186014058
eng-gb;1729;Clauset top 5000 types;1.2173382145911456
eng-gb;1729;PDF Regression top 5000 types;1.032682999565587
eng-gb;1730;Clauset top 5000 types;1.2174673534184692
eng-gb;1730;PDF Regression top 5000 types;1.0392172328356062
eng-gb;1731;Clauset top 5000 types;1.2175692980736494
eng-gb;1731;PDF Regression top 5000 types;1.0279500930703303
eng-gb;1732;Clauset top 5000 types;1.2133390637487171
eng-gb;1732;PDF Regression top 5000 types;1.0389373781817512
eng-gb;1733;Clauset top 5000 types;1.2108866316825149
eng-gb;1733;PDF Regression top 5000 types;1.0382674184015768
eng-gb;1734;Clauset top 5000 types;1.2165254705399275
eng-gb;1734;PDF Regression top 5000 types;1.035988550063879
eng-gb;1735;Clauset top 5000 types;1.2129890225082636
eng-gb;1735;PDF Regression top 5000 types;1.0361495158715588
eng-gb;1736;Clauset top 5000 types;1.214605535194278
eng-gb;1736;PDF Regression top 5000 types;1.0353641470471415
eng-gb;1737;Clauset top 5000 types;1.2143905270844697
eng-gb;1737;PDF Regression top 5000 types;1.0319297261990192
eng-gb;1738;Clauset top 5000 types;1.2158570029586555
eng-gb;1738;PDF Regression top 5000 types;1.0412053642070664
eng-gb;1739;Clauset top 5000 types;1.21682474039495
eng-gb;1739;PDF Regression top 5000 types;1.0362138917024053
eng-gb;1740;Clauset top 5000 types;1.2149613367766143
eng-gb;1740;PDF Regression top 5000 types;1.0350473436446044
eng-gb;1741;Clauset top 5000 types;1.2152411822229625
eng-gb;1741;PDF Regression top 5000 types;1.0373523903673674
eng-gb;1742;Clauset top 5000 types;1.2161781085282564
eng-gb;1742;PDF Regression top 5000 types;1.0312130439358362
eng-gb;1743;Clauset top 5000 types;1.2161479672044515
eng-gb;1743;PDF Regression top 5000 types;1.0358919412556906
eng-gb;1744;Clauset top 5000 types;1.2154859297722578
eng-gb;1744;PDF Regression top 5000 types;1.0290555398290753
eng-gb;1745;Clauset top 5000 types;1.2148004490882158
eng-gb;1745;PDF Regression top 5000 types;1.039216681014099
eng-gb;1746;Clauset top 5000 types;1.2158614236861467
eng-gb;1746;PDF Regression top 5000 types;1.018174408972521
eng-gb;1747;Clauset top 5000 types;1.2150899397581818
eng-gb;1747;PDF Regression top 5000 types;1.0216985525588238
eng-gb;1748;Clauset top 5000 types;1.214615850225091
eng-gb;1748;PDF Regression top 5000 types;1.0168052944578687
eng-gb;1749;Clauset top 5000 types;1.2154362300783397
eng-gb;1749;PDF Regression top 5000 types;1.0218117110578289
eng-gb;1750;Clauset top 5000 types;1.2122579949349166
eng-gb;1750;PDF Regression top 5000 types;1.0238665689804798
eng-gb;1751;Clauset top 5000 types;1.216330154761672
eng-gb;1751;PDF Regression top 5000 types;1.0385140050100656
eng-gb;1752;Clauset top 5000 types;1.2144770661741495
eng-gb;1752;PDF Regression top 5000 types;1.0288026289179064
eng-gb;1753;Clauset top 5000 types;1.2153050818294286
eng-gb;1753;PDF Regression top 5000 types;1.015496134021171
eng-gb;1754;Clauset top 5000 types;1.215029791072011
eng-gb;1754;PDF Regression top 5000 types;1.029445136926122
eng-gb;1755;Clauset top 5000 types;1.2133627749234437
eng-gb;1755;PDF Regression top 5000 types;1.014561865583874
eng-gb;1756;Clauset top 5000 types;1.2115346031636
eng-gb;1756;PDF Regression top 5000 types;1.0098446499082803
eng-gb;1757;Clauset top 5000 types;1.2146678272634746
eng-gb;1757;PDF Regression top 5000 types;1.025965046854327
eng-gb;1758;Clauset top 5000 types;1.215351030603051
eng-gb;1758;PDF Regression top 5000 types;1.012482316605311
eng-gb;1759;Clauset top 5000 types;1.21623932890594
eng-gb;1759;PDF Regression top 5000 types;1.0263815425447116
eng-gb;1760;Clauset top 5000 types;1.214624959602952
eng-gb;1760;PDF Regression top 5000 types;1.025372084651322
eng-gb;1761;Clauset top 5000 types;1.216366726234555
eng-gb;1761;PDF Regression top 5000 types;1.0243685065826842
eng-gb;1762;Clauset top 5000 types;1.2133315619081257
eng-gb;1762;PDF Regression top 5000 types;1.023522851701849
eng-gb;1763;Clauset top 5000 types;1.2148624732345346
eng-gb;1763;PDF Regression top 5000 types;1.0185860528487665
eng-gb;1764;Clauset top 5000 types;1.2155116503685712
eng-gb;1764;PDF Regression top 5000 types;1.0050141996581705
eng-gb;1765;Clauset top 5000 types;1.2111873751133677
eng-gb;1765;PDF Regression top 5000 types;1.036805268966814
eng-gb;1766;Clauset top 5000 types;1.2150678361207246
eng-gb;1766;PDF Regression top 5000 types;1.0207669012598286
eng-gb;1767;Clauset top 5000 types;1.2122743382304908
eng-gb;1767;PDF Regression top 5000 types;1.030111051772871
eng-gb;1768;Clauset top 5000 types;1.2125004651397469
eng-gb;1768;PDF Regression top 5000 types;1.0432874727037522
eng-gb;1769;Clauset top 5000 types;1.2135212513059377
eng-gb;1769;PDF Regression top 5000 types;1.016473699889501
eng-gb;1770;Clauset top 5000 types;1.214074646010995
eng-gb;1770;PDF Regression top 5000 types;1.0148808485812275
eng-gb;1771;Clauset top 5000 types;1.2110910568386315
eng-gb;1771;PDF Regression top 5000 types;1.0356358035185351
eng-gb;1772;Clauset top 5000 types;1.2141678831726312
eng-gb;1772;PDF Regression top 5000 types;1.0386260143816557
eng-gb;1773;Clauset top 5000 types;1.212093624249101
eng-gb;1773;PDF Regression top 5000 types;1.013193299682983
eng-gb;1774;Clauset top 5000 types;1.2133876917511224
eng-gb;1774;PDF Regression top 5000 types;1.0307589719232206
eng-gb;1775;Clauset top 5000 types;1.2144496040791273
eng-gb;1775;PDF Regression top 5000 types;1.0310493989732463
eng-gb;1776;Clauset top 5000 types;1.2139834182709457
eng-gb;1776;PDF Regression top 5000 types;1.0185248689009483
eng-gb;1777;Clauset top 5000 types;1.2113534872978924
eng-gb;1777;PDF Regression top 5000 types;1.0170100318452708
eng-gb;1778;Clauset top 5000 types;1.2104655908793214
eng-gb;1778;PDF Regression top 5000 types;1.0268987208610767
eng-gb;1779;Clauset top 5000 types;1.2066143334656954
eng-gb;1779;PDF Regression top 5000 types;1.0000749635127117
eng-gb;1780;Clauset top 5000 types;1.2099091150611638
eng-gb;1780;PDF Regression top 5000 types;1.0235326167500798
eng-gb;1781;Clauset top 5000 types;1.2154166717082262
eng-gb;1781;PDF Regression top 5000 types;0.9968859429058665
eng-gb;1782;Clauset top 5000 types;1.2141173797100784
eng-gb;1782;PDF Regression top 5000 types;1.0049429177819074
eng-gb;1783;Clauset top 5000 types;1.2141378758102654
eng-gb;1783;PDF Regression top 5000 types;1.0003483716678105
eng-gb;1784;Clauset top 5000 types;1.2130696672946215
eng-gb;1784;PDF Regression top 5000 types;1.0291635218721022
eng-gb;1785;Clauset top 5000 types;1.2133847445994614
eng-gb;1785;PDF Regression top 5000 types;1.0192201161744592
eng-gb;1786;Clauset top 5000 types;1.2142750523239374
eng-gb;1786;PDF Regression top 5000 types;1.0245940181867306
eng-gb;1787;Clauset top 5000 types;1.2138191815465689
eng-gb;1787;PDF Regression top 5000 types;1.0119774004200526
eng-gb;1788;Clauset top 5000 types;1.21367691449821
eng-gb;1788;PDF Regression top 5000 types;1.01343910468306
eng-gb;1789;Clauset top 5000 types;1.2134214500337839
eng-gb;1789;PDF Regression top 5000 types;1.003707362706399
eng-gb;1790;Clauset top 5000 types;1.2113651419430969
eng-gb;1790;PDF Regression top 5000 types;1.018685019421065
eng-gb;1791;Clauset top 5000 types;1.2136439599841835
eng-gb;1791;PDF Regression top 5000 types;1.0333987472702404
eng-gb;1792;Clauset top 5000 types;1.2129643736034632
eng-gb;1792;PDF Regression top 5000 types;1.018236994963568
eng-gb;1793;Clauset top 5000 types;1.2131651818007234
eng-gb;1793;PDF Regression top 5000 types;1.0262499443602238
eng-gb;1794;Clauset top 5000 types;1.2146836347132923
eng-gb;1794;PDF Regression top 5000 types;1.0137381069520934
eng-gb;1795;Clauset top 5000 types;1.2146134389191865
eng-gb;1795;PDF Regression top 5000 types;1.00983012080128
eng-gb;1796;Clauset top 5000 types;1.213890850916505
eng-gb;1796;PDF Regression top 5000 types;1.008261392759462
eng-gb;1797;Clauset top 5000 types;1.2114100190252064
eng-gb;1797;PDF Regression top 5000 types;1.0244458876820843
eng-gb;1798;Clauset top 5000 types;1.2142446430772542
eng-gb;1798;PDF Regression top 5000 types;1.0188434497830596
eng-gb;1799;Clauset top 5000 types;1.2140514706820251
eng-gb;1799;PDF Regression top 5000 types;1.0012066312047558
eng-gb;1800;Clauset top 5000 types;1.2126152700930837
eng-gb;1800;PDF Regression top 5000 types;1.0021653932368015
eng-gb;1801;Clauset top 5000 types;1.2141913264244795
eng-gb;1801;PDF Regression top 5000 types;1.0095620528420093
eng-gb;1802;Clauset top 5000 types;1.213815162703395
eng-gb;1802;PDF Regression top 5000 types;0.990921687295683
eng-gb;1803;Clauset top 5000 types;1.2141721699386834
eng-gb;1803;PDF Regression top 5000 types;1.0148731604995869
eng-gb;1804;Clauset top 5000 types;1.2136329751461745
eng-gb;1804;PDF Regression top 5000 types;0.9964409918103403
eng-gb;1805;Clauset top 5000 types;1.2132637774199249
eng-gb;1805;PDF Regression top 5000 types;1.0012046890971833
eng-gb;1806;Clauset top 5000 types;1.2118916103988884
eng-gb;1806;PDF Regression top 5000 types;0.9969612128884322
eng-gb;1807;Clauset top 5000 types;1.2128109877556563
eng-gb;1807;PDF Regression top 5000 types;0.9930676414346928
eng-gb;1808;Clauset top 5000 types;1.2128184895962477
eng-gb;1808;PDF Regression top 5000 types;1.019171950981914
eng-gb;1809;Clauset top 5000 types;1.214378604516387
eng-gb;1809;PDF Regression top 5000 types;1.0068977738473874
eng-gb;1810;Clauset top 5000 types;1.2076643232256172
eng-gb;1810;PDF Regression top 5000 types;1.0005109077799341
eng-gb;1811;Clauset top 5000 types;1.2130345693975688
eng-gb;1811;PDF Regression top 5000 types;1.023718822634772
eng-gb;1812;Clauset top 5000 types;1.2135917150229218
eng-gb;1812;PDF Regression top 5000 types;1.0284156987435968
eng-gb;1813;Clauset top 5000 types;1.213327543064952
eng-gb;1813;PDF Regression top 5000 types;1.0083122990777578
eng-gb;1814;Clauset top 5000 types;1.2145305167883635
eng-gb;1814;PDF Regression top 5000 types;1.011332135460104
eng-gb;1815;Clauset top 5000 types;1.2146169219166039
eng-gb;1815;PDF Regression top 5000 types;1.0111360244165175
eng-gb;1816;Clauset top 5000 types;1.214818667843938
eng-gb;1816;PDF Regression top 5000 types;1.0005126341985595
eng-gb;1817;Clauset top 5000 types;1.2149818328768016
eng-gb;1817;PDF Regression top 5000 types;1.0076040784425455
eng-gb;1818;Clauset top 5000 types;1.214478807672858
eng-gb;1818;PDF Regression top 5000 types;0.9993856798930918
eng-gb;1819;Clauset top 5000 types;1.214625897333026
eng-gb;1819;PDF Regression top 5000 types;1.0022447350847619
eng-gb;1820;Clauset top 5000 types;1.214272507056594
eng-gb;1820;PDF Regression top 5000 types;1.0092602873981737
eng-gb;1821;Clauset top 5000 types;1.2125425290316345
eng-gb;1821;PDF Regression top 5000 types;1.003609236389864
eng-gb;1822;Clauset top 5000 types;1.2148899353295566
eng-gb;1822;PDF Regression top 5000 types;1.0103585992284252
eng-gb;1823;Clauset top 5000 types;1.2142311129719017
eng-gb;1823;PDF Regression top 5000 types;1.0150033157178295
eng-gb;1824;Clauset top 5000 types;1.2136060488969087
eng-gb;1824;PDF Regression top 5000 types;1.013549391978402
eng-gb;1825;Clauset top 5000 types;1.2139873031526807
eng-gb;1825;PDF Regression top 5000 types;1.00247850548762
eng-gb;1826;Clauset top 5000 types;1.2139208582788708
eng-gb;1826;PDF Regression top 5000 types;1.004452061589911
eng-gb;1827;Clauset top 5000 types;1.2144711718708274
eng-gb;1827;PDF Regression top 5000 types;1.000001654461394
eng-gb;1828;Clauset top 5000 types;1.2151471412926913
eng-gb;1828;PDF Regression top 5000 types;1.001992432077241
eng-gb;1829;Clauset top 5000 types;1.2152319388836623
eng-gb;1829;PDF Regression top 5000 types;1.000980836285137
eng-gb;1830;Clauset top 5000 types;1.2151865259557963
eng-gb;1830;PDF Regression top 5000 types;1.0101735639711247
eng-gb;1831;Clauset top 5000 types;1.2156189534813164
eng-gb;1831;PDF Regression top 5000 types;0.9996370449277698
eng-gb;1832;Clauset top 5000 types;1.214366414025426
eng-gb;1832;PDF Regression top 5000 types;1.002306073665459
eng-gb;1833;Clauset top 5000 types;1.2141153702884913
eng-gb;1833;PDF Regression top 5000 types;1.0033637028412445
eng-gb;1834;Clauset top 5000 types;1.214162658676505
eng-gb;1834;PDF Regression top 5000 types;0.9892968024640156
eng-gb;1835;Clauset top 5000 types;1.215033809915185
eng-gb;1835;PDF Regression top 5000 types;0.995193238803413
eng-gb;1836;Clauset top 5000 types;1.2155498293787241
eng-gb;1836;PDF Regression top 5000 types;0.9965668368217309
eng-gb;1837;Clauset top 5000 types;1.2140445046871902
eng-gb;1837;PDF Regression top 5000 types;1.0043034487907663
eng-gb;1838;Clauset top 5000 types;1.214302782341838
eng-gb;1838;PDF Regression top 5000 types;0.9989224404795045
eng-gb;1839;Clauset top 5000 types;1.2148623392730953
eng-gb;1839;PDF Regression top 5000 types;1.0141527893828606
eng-gb;1840;Clauset top 5000 types;1.2140305726975205
eng-gb;1840;PDF Regression top 5000 types;1.0047762467457897
eng-gb;1841;Clauset top 5000 types;1.2151282527297738
eng-gb;1841;PDF Regression top 5000 types;1.004256285971577
eng-gb;1842;Clauset top 5000 types;1.214809558466077
eng-gb;1842;PDF Regression top 5000 types;1.0083369434367482
eng-gb;1843;Clauset top 5000 types;1.21511954523623
eng-gb;1843;PDF Regression top 5000 types;1.0136902584612066
eng-gb;1844;Clauset top 5000 types;1.2144730473309753
eng-gb;1844;PDF Regression top 5000 types;1.0136215649412814
eng-gb;1845;Clauset top 5000 types;1.214810496196151
eng-gb;1845;PDF Regression top 5000 types;1.0068730494783762
eng-gb;1846;Clauset top 5000 types;1.2149447255581618
eng-gb;1846;PDF Regression top 5000 types;0.9987607965621963
eng-gb;1847;Clauset top 5000 types;1.2146012484282256
eng-gb;1847;PDF Regression top 5000 types;0.9978845261846372
eng-gb;1848;Clauset top 5000 types;1.2146789460629226
eng-gb;1848;PDF Regression top 5000 types;1.0013311610479356
eng-gb;1849;Clauset top 5000 types;1.2148869881778956
eng-gb;1849;PDF Regression top 5000 types;0.9963046969999187
eng-gb;1850;Clauset top 5000 types;1.2146714442223312
eng-gb;1850;PDF Regression top 5000 types;0.9959816242458959
eng-gb;1851;Clauset top 5000 types;1.2147283778339624
eng-gb;1851;PDF Regression top 5000 types;0.9984536513121387
eng-gb;1852;Clauset top 5000 types;1.2145949522405863
eng-gb;1852;PDF Regression top 5000 types;0.9986986969847496
eng-gb;1853;Clauset top 5000 types;1.2144909981638192
eng-gb;1853;PDF Regression top 5000 types;0.9998166921539913
eng-gb;1854;Clauset top 5000 types;1.2142055263370275
eng-gb;1854;PDF Regression top 5000 types;0.9956087383667871
eng-gb;1855;Clauset top 5000 types;1.2144896585494278
eng-gb;1855;PDF Regression top 5000 types;0.9927307661895033
eng-gb;1856;Clauset top 5000 types;1.2144133005291222
eng-gb;1856;PDF Regression top 5000 types;0.999122092399565
eng-gb;1857;Clauset top 5000 types;1.213828424885869
eng-gb;1857;PDF Regression top 5000 types;0.9972617887541797
eng-gb;1858;Clauset top 5000 types;1.213890984877944
eng-gb;1858;PDF Regression top 5000 types;0.9894362804790349
eng-gb;1859;Clauset top 5000 types;1.2135233946889639
eng-gb;1859;PDF Regression top 5000 types;0.993049621075971
eng-gb;1860;Clauset top 5000 types;1.213591848984361
eng-gb;1860;PDF Regression top 5000 types;0.9950419569395819
eng-gb;1861;Clauset top 5000 types;1.2141037156432868
eng-gb;1861;PDF Regression top 5000 types;1.00129922193341
eng-gb;1862;Clauset top 5000 types;1.2143741837888957
eng-gb;1862;PDF Regression top 5000 types;1.0055545656532934
eng-gb;1863;Clauset top 5000 types;1.2141540851444006
eng-gb;1863;PDF Regression top 5000 types;1.0078278332220014
eng-gb;1864;Clauset top 5000 types;1.2129457529634238
eng-gb;1864;PDF Regression top 5000 types;0.9996281668145741
eng-gb;1865;Clauset top 5000 types;1.2136702164262534
eng-gb;1865;PDF Regression top 5000 types;1.0004947984712822
eng-gb;1866;Clauset top 5000 types;1.2126097776740792
eng-gb;1866;PDF Regression top 5000 types;1.0031807539088122
eng-gb;1867;Clauset top 5000 types;1.2135016929358244
eng-gb;1867;PDF Regression top 5000 types;0.9986210914219698
eng-gb;1868;Clauset top 5000 types;1.2129886206239462
eng-gb;1868;PDF Regression top 5000 types;1.0059762402825068
eng-gb;1869;Clauset top 5000 types;1.2135304946452379
eng-gb;1869;PDF Regression top 5000 types;1.0076315185979132
eng-gb;1870;Clauset top 5000 types;1.2131757647544146
eng-gb;1870;PDF Regression top 5000 types;1.0082294357882515
eng-gb;1871;Clauset top 5000 types;1.2133126733452082
eng-gb;1871;PDF Regression top 5000 types;1.004375495462825
eng-gb;1872;Clauset top 5000 types;1.2129580774158242
eng-gb;1872;PDF Regression top 5000 types;1.0007984381774615
eng-gb;1873;Clauset top 5000 types;1.2132223833352327
eng-gb;1873;PDF Regression top 5000 types;1.0082384363536945
eng-gb;1874;Clauset top 5000 types;1.212470457777381
eng-gb;1874;PDF Regression top 5000 types;1.007179801788591
eng-gb;1875;Clauset top 5000 types;1.2128313498944046
eng-gb;1875;PDF Regression top 5000 types;1.0096639568321724
eng-gb;1876;Clauset top 5000 types;1.2132372530549764
eng-gb;1876;PDF Regression top 5000 types;1.0032540762010216
eng-gb;1877;Clauset top 5000 types;1.2134529309719801
eng-gb;1877;PDF Regression top 5000 types;0.9943539860227935
eng-gb;1878;Clauset top 5000 types;1.213182194903493
eng-gb;1878;PDF Regression top 5000 types;0.9991555610058525
eng-gb;1879;Clauset top 5000 types;1.2128423347324133
eng-gb;1879;PDF Regression top 5000 types;1.0065190225202034
eng-gb;1880;Clauset top 5000 types;1.2129429397732021
eng-gb;1880;PDF Regression top 5000 types;1.0025211418589897
eng-gb;1881;Clauset top 5000 types;1.2130048299580811
eng-gb;1881;PDF Regression top 5000 types;0.9995168929699443
eng-gb;1882;Clauset top 5000 types;1.2128526497632264
eng-gb;1882;PDF Regression top 5000 types;1.003262961176901
eng-gb;1883;Clauset top 5000 types;1.2128791741281748
eng-gb;1883;PDF Regression top 5000 types;1.0118263135594834
eng-gb;1884;Clauset top 5000 types;1.2124778256565334
eng-gb;1884;PDF Regression top 5000 types;1.0054495010636961
eng-gb;1885;Clauset top 5000 types;1.212702612951398
eng-gb;1885;PDF Regression top 5000 types;1.0040865051402705
eng-gb;1886;Clauset top 5000 types;1.2125252480059863
eng-gb;1886;PDF Regression top 5000 types;0.9946940550114962
eng-gb;1887;Clauset top 5000 types;1.2118352126330139
eng-gb;1887;PDF Regression top 5000 types;1.000590725311335
eng-gb;1888;Clauset top 5000 types;1.212299790903926
eng-gb;1888;PDF Regression top 5000 types;1.002123478491931
eng-gb;1889;Clauset top 5000 types;1.2119466685503724
eng-gb;1889;PDF Regression top 5000 types;0.9940472972137051
eng-gb;1890;Clauset top 5000 types;1.2126167436689141
eng-gb;1890;PDF Regression top 5000 types;0.9911238191719889
eng-gb;1891;Clauset top 5000 types;1.2123418547958138
eng-gb;1891;PDF Regression top 5000 types;0.9915902463875281
eng-gb;1892;Clauset top 5000 types;1.2124681804329156
eng-gb;1892;PDF Regression top 5000 types;0.989961861389383
eng-gb;1893;Clauset top 5000 types;1.212663228288293
eng-gb;1893;PDF Regression top 5000 types;0.9907899231738746
eng-gb;1894;Clauset top 5000 types;1.2120933563262226
eng-gb;1894;PDF Regression top 5000 types;0.987073170077625
eng-gb;1895;Clauset top 5000 types;1.2134298896044493
eng-gb;1895;PDF Regression top 5000 types;0.9990297419561831
eng-gb;1896;Clauset top 5000 types;1.2129626321047546
eng-gb;1896;PDF Regression top 5000 types;0.9951649336734549
eng-gb;1897;Clauset top 5000 types;1.2123794979602098
eng-gb;1897;PDF Regression top 5000 types;0.9900151706385372
eng-gb;1898;Clauset top 5000 types;1.212829742357135
eng-gb;1898;PDF Regression top 5000 types;0.9901861041523423
eng-gb;1899;Clauset top 5000 types;1.2127307448536158
eng-gb;1899;PDF Regression top 5000 types;0.9936071817593248
eng-gb;1900;Clauset top 5000 types;1.2127283335477115
eng-gb;1900;PDF Regression top 5000 types;0.9872739849369236
eng-gb;1901;Clauset top 5000 types;1.2125304725021127
eng-gb;1901;PDF Regression top 5000 types;0.9915626611858466
eng-gb;1902;Clauset top 5000 types;1.2121821727603674
eng-gb;1902;PDF Regression top 5000 types;0.9885807009446403
eng-gb;1903;Clauset top 5000 types;1.212288940027356
eng-gb;1903;PDF Regression top 5000 types;0.9897030397937039
eng-gb;1904;Clauset top 5000 types;1.2121182731539013
eng-gb;1904;PDF Regression top 5000 types;0.9896585794269082
eng-gb;1905;Clauset top 5000 types;1.2121147901564837
eng-gb;1905;PDF Regression top 5000 types;0.9835240913196057
eng-gb;1906;Clauset top 5000 types;1.212598658874631
eng-gb;1906;PDF Regression top 5000 types;0.9883119350832521
eng-gb;1907;Clauset top 5000 types;1.2125386441498995
eng-gb;1907;PDF Regression top 5000 types;0.9823516060549653
eng-gb;1908;Clauset top 5000 types;1.212203070744872
eng-gb;1908;PDF Regression top 5000 types;0.9828116252291743
eng-gb;1909;Clauset top 5000 types;1.2120744677633049
eng-gb;1909;PDF Regression top 5000 types;0.9784897686727108
eng-gb;1910;Clauset top 5000 types;1.2117218812555073
eng-gb;1910;PDF Regression top 5000 types;0.9812957340888864
eng-gb;1911;Clauset top 5000 types;1.2122596024721861
eng-gb;1911;PDF Regression top 5000 types;0.9817209354386875
eng-gb;1912;Clauset top 5000 types;1.211571844443679
eng-gb;1912;PDF Regression top 5000 types;0.9780573213874924
eng-gb;1913;Clauset top 5000 types;1.211801186427474
eng-gb;1913;PDF Regression top 5000 types;0.9765603565906575
eng-gb;1914;Clauset top 5000 types;1.2123190813511608
eng-gb;1914;PDF Regression top 5000 types;0.9844211797524565
eng-gb;1915;Clauset top 5000 types;1.2115504106134176
eng-gb;1915;PDF Regression top 5000 types;0.9748333833513265
eng-gb;1916;Clauset top 5000 types;1.2114031869918107
eng-gb;1916;PDF Regression top 5000 types;0.9778589277366945
eng-gb;1917;Clauset top 5000 types;1.2118683011084794
eng-gb;1917;PDF Regression top 5000 types;0.9808567338767085
eng-gb;1918;Clauset top 5000 types;1.2114811525493858
eng-gb;1918;PDF Regression top 5000 types;0.9777951017695035
eng-gb;1919;Clauset top 5000 types;1.2120245001465082
eng-gb;1919;PDF Regression top 5000 types;0.9824395027630413
eng-gb;1920;Clauset top 5000 types;1.2112646708637473
eng-gb;1920;PDF Regression top 5000 types;0.9719517533302016
eng-gb;1921;Clauset top 5000 types;1.211685175821185
eng-gb;1921;PDF Regression top 5000 types;0.971239539696783
eng-gb;1922;Clauset top 5000 types;1.2110112158209085
eng-gb;1922;PDF Regression top 5000 types;0.9738068264493822
eng-gb;1923;Clauset top 5000 types;1.2117504150420426
eng-gb;1923;PDF Regression top 5000 types;0.9801736527674039
eng-gb;1924;Clauset top 5000 types;1.2116449873894453
eng-gb;1924;PDF Regression top 5000 types;0.9805613062526723
eng-gb;1925;Clauset top 5000 types;1.2120772809535267
eng-gb;1925;PDF Regression top 5000 types;0.9839607506856372
eng-gb;1926;Clauset top 5000 types;1.2114783393591642
eng-gb;1926;PDF Regression top 5000 types;0.9792595800628376
eng-gb;1927;Clauset top 5000 types;1.211663875952363
eng-gb;1927;PDF Regression top 5000 types;0.9809054031451774
eng-gb;1928;Clauset top 5000 types;1.2117912732809784
eng-gb;1928;PDF Regression top 5000 types;0.9816649462833058
eng-gb;1929;Clauset top 5000 types;1.2117788148671385
eng-gb;1929;PDF Regression top 5000 types;0.9860835570132211
eng-gb;1930;Clauset top 5000 types;1.2118626747280359
eng-gb;1930;PDF Regression top 5000 types;0.9820960452291345
eng-gb;1931;Clauset top 5000 types;1.211415511444211
eng-gb;1931;PDF Regression top 5000 types;0.9822887733248866
eng-gb;1932;Clauset top 5000 types;1.211496424153447
eng-gb;1932;PDF Regression top 5000 types;0.9866081416738284
eng-gb;1933;Clauset top 5000 types;1.2112498011440038
eng-gb;1933;PDF Regression top 5000 types;0.9802219672791268
eng-gb;1934;Clauset top 5000 types;1.2113706343621014
eng-gb;1934;PDF Regression top 5000 types;0.9741490088373552
eng-gb;1935;Clauset top 5000 types;1.2109012334793805
eng-gb;1935;PDF Regression top 5000 types;0.9761352865496677
eng-gb;1936;Clauset top 5000 types;1.2110865021497008
eng-gb;1936;PDF Regression top 5000 types;0.9726659339867461
eng-gb;1937;Clauset top 5000 types;1.2108456394821403
eng-gb;1937;PDF Regression top 5000 types;0.9705091793832445
eng-gb;1938;Clauset top 5000 types;1.2110286308079956
eng-gb;1938;PDF Regression top 5000 types;0.9728337838372247
eng-gb;1939;Clauset top 5000 types;1.2106187088042497
eng-gb;1939;PDF Regression top 5000 types;0.9699982242511669
eng-gb;1940;Clauset top 5000 types;1.2096440053731201
eng-gb;1940;PDF Regression top 5000 types;0.9619369614904125
eng-gb;1941;Clauset top 5000 types;1.2097751536220311
eng-gb;1941;PDF Regression top 5000 types;0.9679472103263331
eng-gb;1942;Clauset top 5000 types;1.20950656093657
eng-gb;1942;PDF Regression top 5000 types;0.9681206065138284
eng-gb;1943;Clauset top 5000 types;1.2099338979274035
eng-gb;1943;PDF Regression top 5000 types;0.9713994620337094
eng-gb;1944;Clauset top 5000 types;1.2096993314474822
eng-gb;1944;PDF Regression top 5000 types;0.9750122949163349
eng-gb;1945;Clauset top 5000 types;1.2098474927991627
eng-gb;1945;PDF Regression top 5000 types;0.9712602975043179
eng-gb;1946;Clauset top 5000 types;1.2106780537217854
eng-gb;1946;PDF Regression top 5000 types;0.971368467003553
eng-gb;1947;Clauset top 5000 types;1.2101199703663585
eng-gb;1947;PDF Regression top 5000 types;0.9669191442244549
eng-gb;1948;Clauset top 5000 types;1.210319840833545
eng-gb;1948;PDF Regression top 5000 types;0.9691555896660238
eng-gb;1949;Clauset top 5000 types;1.210606920197606
eng-gb;1949;PDF Regression top 5000 types;0.9702962082622091
eng-gb;1950;Clauset top 5000 types;1.2101984717696905
eng-gb;1950;PDF Regression top 5000 types;0.9699503476841131
eng-gb;1951;Clauset top 5000 types;1.21040396861732
eng-gb;1951;PDF Regression top 5000 types;0.9725354958032857
eng-gb;1952;Clauset top 5000 types;1.2097754215449095
eng-gb;1952;PDF Regression top 5000 types;0.9688682276043856
eng-gb;1953;Clauset top 5000 types;1.2096983937174082
eng-gb;1953;PDF Regression top 5000 types;0.9680178039750791
eng-gb;1954;Clauset top 5000 types;1.20949731759727
eng-gb;1954;PDF Regression top 5000 types;0.9630081109543138
eng-gb;1955;Clauset top 5000 types;1.2097222388535736
eng-gb;1955;PDF Regression top 5000 types;0.9662824676618547
eng-gb;1956;Clauset top 5000 types;1.2100394595414397
eng-gb;1956;PDF Regression top 5000 types;0.9675221787547448
eng-gb;1957;Clauset top 5000 types;1.2097269275039435
eng-gb;1957;PDF Regression top 5000 types;0.9591161228661922
eng-gb;1958;Clauset top 5000 types;1.2094773573428392
eng-gb;1958;PDF Regression top 5000 types;0.9638161174210849
eng-gb;1959;Clauset top 5000 types;1.2090048753470182
eng-gb;1959;PDF Regression top 5000 types;0.9529560685893745
eng-gb;1960;Clauset top 5000 types;1.2090060809999703
eng-gb;1960;PDF Regression top 5000 types;0.9570621092219007
eng-gb;1961;Clauset top 5000 types;1.2090668994933367
eng-gb;1961;PDF Regression top 5000 types;0.9599236161018918
eng-gb;1962;Clauset top 5000 types;1.209241853132844
eng-gb;1962;PDF Regression top 5000 types;0.9592069065753046
eng-gb;1963;Clauset top 5000 types;1.2086218795925379
eng-gb;1963;PDF Regression top 5000 types;0.9551591903169308
eng-gb;1964;Clauset top 5000 types;1.2084812200814483
eng-gb;1964;PDF Regression top 5000 types;0.9523346478405126
eng-gb;1965;Clauset top 5000 types;1.2084651447087524
eng-gb;1965;PDF Regression top 5000 types;0.9522026458472805
